schedule_id,arrival_airport,arrival_datetime,depart_airport,depart_datetime,price,flight_id,manufacturer,model,capacity
6931010700,Ukraine,6/28/2020,Sweden,9/22/2019,2083,JH4NA21615S154843,boeing,3,20
8959052388,China,7/1/2020,Indonesia,9/6/2019,2977,1G6DH5E58D0852309,airbus,3,20
8347380848,China,4/27/2020,Indonesia,10/27/2018,2538,3VW507AT0EM958189,airbus,1,20
1012056228,Indonesia,3/15/2020,Azerbaijan,2/5/2019,1103,WBASN0C52DD599576,airbus,2,20
0857875906,Indonesia,3/11/2019,Russia,11/28/2018,2437,1C4RDJEG0DC687380,airbus,1,20
7998878533,China,1/31/2020,Kazakhstan,5/23/2019,2728,WAUGFBFC9DN555514,boeing,1,20
7968365759,Yemen,6/28/2020,Russia,12/15/2018,2777,W04GR5EC1B1155605,boeing,2,20
6454938948,China,7/8/2020,Angola,3/8/2019,2560,3D7JB1EP6AG524377,airbus,1,20
1205774432,Canada,6/15/2019,Philippines,6/7/2019,1255,WAUJF78K69N370156,airbus,2,20
4958494472,Lithuania,3/21/2019,Indonesia,4/14/2019,2232,1N6BF0KX4FN922121,boeing,2,20
6872360283,Greece,1/7/2020,Lithuania,9/23/2019,2044,WAUJT68E94A382931,airbus,2,20
6051254188,Georgia,8/3/2020,Thailand,3/9/2019,2963,WDDGF4HB9DA399247,boeing,3,20
8518681383,Indonesia,10/21/2018,Norway,1/14/2019,1016,WBALM535X9E930586,airbus,3,20
8653718680,Sweden,5/28/2019,Canada,9/15/2019,1395,1C3CCBCG9DN524155,airbus,3,20
9985354591,Latvia,5/23/2019,Poland,10/16/2018,1063,5TDBW5G15AS403750,airbus,2,20
1783188529,Macedonia,8/7/2020,Afghanistan,9/11/2019,2477,WAUNG74F19N322376,airbus,2,20
8544062687,Indonesia,6/25/2019,Panama,3/7/2019,1292,4T1BF1FK3EU270244,airbus,1,20
4071291397,China,11/23/2019,China,4/5/2019,2081,3LNDL2L33BR484187,airbus,1,20
2014863881,Brazil,5/3/2020,Cuba,11/8/2018,1087,JH4KA96614C488349,boeing,3,20
8360923779,Indonesia,6/17/2020,Malaysia,1/9/2019,2926,WAUXD68D02A355080,airbus,3,20
7263871920,Iceland,10/7/2019,Finland,4/13/2019,2599,1N4AB7AP1EN550973,boeing,3,20
6933790533,China,4/25/2020,Poland,4/4/2019,2220,5FNRL5H27DB002613,boeing,1,20
7355936093,Sweden,1/17/2020,Poland,1/17/2019,1450,1G6DX6ED4B0856886,boeing,3,20
9588821789,Ukraine,6/30/2020,China,12/30/2018,1314,1G6DJ8ED8B0512782,boeing,3,20
7931747089,Brazil,7/8/2020,Portugal,5/24/2019,1712,SAJWA0FS4FP775600,boeing,2,20
9664597368,Honduras,3/14/2020,Colombia,8/7/2019,2946,1G4GH5E32DF135194,airbus,2,20
8665748598,Indonesia,10/28/2020,China,1/9/2019,1640,1YVHZ8BH3A5074487,airbus,1,20
6874649590,China,11/5/2018,Eritrea,4/12/2019,2054,4T1BF3EK4BU527601,boeing,2,20
5600581955,Portugal,10/12/2019,Brazil,12/25/2018,1939,JN1CV6AP3CM562794,boeing,1,20
4745627181,Serbia,11/4/2018,Argentina,4/23/2019,1460,2C3CA5CVXAH104592,boeing,1,20
2278433164,China,10/21/2018,United States,7/22/2019,2300,WA1YL54B45N473388,boeing,1,20
9204304812,United States,12/28/2018,Croatia,1/27/2019,1272,2HNYD18213H375084,boeing,2,20
9361810219,Sweden,3/17/2019,China,8/16/2019,2732,JN8AZ1MU0CW745849,airbus,1,20
2299239480,Myanmar,2/3/2019,Nigeria,10/20/2018,2648,WAUVC68E45A758969,airbus,1,20
0306046482,Portugal,3/15/2019,Russia,10/30/2018,1725,WBADT53452C027374,airbus,3,20
4162840598,Colombia,9/2/2019,Vietnam,2/20/2019,1200,WBALW3C52DC680540,boeing,1,20
5635445934,France,6/1/2020,Spain,9/10/2019,1312,2G4WD582961490674,airbus,1,20
6399108055,China,11/9/2020,Belgium,4/7/2019,2252,SCFAB02E89G419775,boeing,1,20
5604195049,China,6/17/2020,Philippines,12/31/2018,2284,2T1KE4EE6CC685783,airbus,2,20
3492757138,Netherlands,7/24/2019,Uzbekistan,2/3/2019,2952,3D7TT2CT6BG175380,airbus,2,20
1269842773,China,8/2/2019,Indonesia,6/21/2019,1272,JN8AS5MTXDW908818,boeing,2,20
1794587365,China,1/21/2019,Colombia,2/28/2019,2688,WVWED7AJ0DW113721,boeing,3,20
0480003114,Thailand,8/22/2020,Ukraine,12/18/2018,2006,1G4HP52K234923311,boeing,2,20
9192150977,China,4/27/2019,Panama,5/11/2019,1089,1G6DP5E39C0514014,boeing,3,20
0189769777,China,1/4/2020,China,2/28/2019,2396,WBAFR7C51DD715235,airbus,1,20
8816265906,United States,4/18/2019,Chile,2/14/2019,2410,WBAWL1C52AP170378,boeing,1,20
7925040041,Philippines,11/29/2018,Western Sahara,10/1/2018,1921,1D7CE3GK3AS376551,airbus,1,20
1835192491,Ethiopia,6/12/2019,Brazil,3/14/2019,2984,2C3CDYBT4CH640272,airbus,1,20
9503318629,Poland,4/15/2020,Russia,12/9/2018,2295,1N6AA0CC5DN734095,boeing,3,20
7103911193,Venezuela,9/3/2020,Colombia,2/21/2019,2152,1GYFC66848R912679,airbus,1,20
7628878873,Syria,12/15/2019,Peru,11/25/2018,1630,1G6YV36A485186424,boeing,3,20
9134423990,Indonesia,9/14/2020,China,4/30/2019,1837,JH4KB2F62CC730195,airbus,3,20
3579941224,Russia,8/30/2019,Argentina,8/1/2019,1106,WBAPK5C52AA628504,airbus,3,20
4448921239,Uruguay,11/27/2018,China,1/10/2019,2763,WBAVS135X7F997056,boeing,2,20
8605188774,Indonesia,2/4/2020,China,9/22/2019,2492,1FTEW1C87FK963502,boeing,3,20
1945088052,Indonesia,11/21/2018,Bangladesh,2/13/2019,1784,JN1CV6FE3DM566420,airbus,1,20
2960839331,China,10/24/2019,China,3/12/2019,1047,3C6TD5NT7CG668385,boeing,2,20
8296832208,Brazil,1/12/2019,Russia,4/11/2019,2289,JH4DC548X3S215737,airbus,3,20
5958681990,China,8/24/2019,Sweden,9/5/2019,1146,WAUPN94E38N310181,boeing,1,20
6843183190,South Korea,10/2/2018,France,4/11/2019,2747,WBAYE4C53ED781399,boeing,2,20
0049624377,Russia,10/22/2018,China,12/28/2018,1514,WAUKF98E87A664110,airbus,1,20
5086276454,Indonesia,12/28/2018,Canada,11/12/2018,1097,1GYS3TKJ3FR366105,airbus,1,20
0708704247,Indonesia,4/28/2019,Poland,9/20/2019,1919,WAUSF78K89N752063,boeing,3,20
0787441406,Peru,12/30/2019,Sri Lanka,12/10/2018,1608,3FADP4AJ0FM925725,airbus,3,20
8850507739,Russia,5/26/2020,Portugal,6/14/2019,2019,4T1BF3EK6AU544690,airbus,1,20
6340070426,Czech Republic,7/7/2020,Philippines,6/6/2019,1418,WAUVC68E82A008955,boeing,1,20
6335206048,Uzbekistan,7/30/2020,Nigeria,9/18/2019,2027,5LMJJ3H58CE074026,boeing,3,20
5288584540,Albania,8/22/2020,Japan,11/2/2018,2796,2D4JN1AGXBR769091,boeing,3,20
9641418572,Indonesia,8/9/2019,Cambodia,3/15/2019,2141,WDDEJ7EB2EA674972,boeing,2,20
0670007889,Cuba,7/21/2019,China,2/19/2019,1079,1N6BF0KM8FN473144,boeing,1,20
1335225390,Lithuania,1/30/2019,Poland,9/4/2019,2746,1GD322CG4EF929331,boeing,3,20
5387113139,Indonesia,10/16/2018,Czech Republic,7/21/2019,1028,3VW8S7AT9FM596758,airbus,3,20
3222091102,Philippines,11/13/2020,Poland,3/21/2019,2734,1N4AL2APXCN838861,airbus,1,20
9941483507,Ireland,7/12/2020,Russia,8/28/2019,2830,3GYVKNEF3AG722564,boeing,2,20
6265442058,Sweden,12/12/2019,China,5/8/2019,1981,SCBZB25E81C224086,airbus,1,20
5598795760,China,9/19/2019,China,2/5/2019,2628,WAUVT54B72N026930,boeing,2,20
6725798314,Poland,1/26/2020,Russia,9/8/2019,2229,WAUBF78E18A918228,airbus,1,20
0827355041,China,5/22/2019,China,9/2/2019,2124,JM1CW2BL0E0825249,airbus,1,20
0779657950,China,2/27/2019,Luxembourg,7/10/2019,2789,4USBU53566L452943,airbus,1,20
8823618363,Russia,8/29/2019,Guatemala,10/21/2018,1527,WAU3FAFR8AA506675,boeing,1,20
3989206451,Brazil,12/28/2019,Russia,12/23/2018,2276,WA1YD54B92N641308,airbus,2,20
2019908417,Russia,7/17/2019,China,10/18/2018,1476,W04GZ5GV0B1499375,airbus,2,20
1252326750,Indonesia,12/11/2018,Czech Republic,1/1/2019,1178,WAUEF78E26A336505,boeing,2,20
7775961600,Peru,9/9/2020,Costa Rica,4/9/2019,1734,1G4HR54K43U747160,airbus,2,20
8653837337,China,7/9/2019,Russia,4/8/2019,2985,WAUNF78P16A594435,airbus,3,20
8750835335,Indonesia,11/17/2019,China,12/3/2018,1082,1G6AP5SXXF0730436,airbus,3,20
7016389359,Cameroon,2/20/2019,Poland,7/22/2019,2137,2G4G15GV6B9663281,boeing,1,20
6728952357,Ukraine,8/6/2019,Cuba,10/1/2018,1123,WBSBL93474P734630,boeing,3,20
9020752618,United States,3/24/2019,China,1/6/2019,1948,2HNYD284X7H918896,airbus,2,20
8878321397,China,3/10/2020,China,2/13/2019,1113,WBA3B9C55FP166336,boeing,3,20
8796924535,Afghanistan,11/15/2018,Brazil,11/25/2018,2374,WVWED7AJXCW317411,airbus,2,20
4077478014,Poland,8/16/2019,Peru,2/6/2019,1986,WBAUP9C51BV172095,airbus,3,20
1005092524,United States,9/29/2020,Indonesia,10/5/2018,1547,2HNYD28648H516844,boeing,2,20
8045588810,Peru,1/28/2020,France,3/25/2019,2045,1G6AE5S31E0505727,airbus,1,20
9048095115,Thailand,2/13/2019,China,12/31/2018,1612,SAJWA0ES9EP458976,boeing,2,20
0413014665,United States,11/28/2020,Thailand,10/30/2018,1963,1B3CB1HA9AD073325,airbus,2,20
0401978737,China,9/25/2019,Indonesia,4/6/2019,1877,JH4DC53035S274742,airbus,1,20
5798739724,China,6/19/2020,Indonesia,1/14/2019,2508,SALFR2BG0EH487854,airbus,2,20
7006323312,Russia,3/6/2019,China,6/30/2019,1991,WUARL48H08K568767,boeing,3,20
7210371443,United States,7/27/2020,Philippines,6/15/2019,2875,JA32U1FU3AU932943,airbus,3,20
7811138719,Philippines,6/26/2020,Czech Republic,3/29/2019,1112,2G4WC582491772504,airbus,3,20
1804036072,Indonesia,11/15/2019,China,3/18/2019,1265,1GTN1TEH2FZ747641,boeing,2,20
0269848282,Guatemala,4/19/2019,Poland,1/12/2019,1267,WAUEG94F96N028327,airbus,1,20
9386192594,Cameroon,1/22/2019,Belarus,2/12/2019,1955,WA1LMBFE8FD158453,airbus,3,20
7768377370,Indonesia,3/2/2019,Finland,6/7/2019,1910,JA32U1FU4BU234245,boeing,2,20
3373427614,China,11/30/2018,Oman,8/1/2019,1488,WBSDX9C50BE991465,airbus,1,20
8140659983,Japan,8/5/2019,Oman,6/17/2019,2266,1FTWX3D58AE106744,airbus,3,20
6268303032,Reunion,6/19/2019,Tanzania,4/16/2019,2411,JN8AZ2KR0BT152836,boeing,2,20
5810204163,Palestinian Territory,5/22/2020,Indonesia,7/28/2019,2720,2T1KE4EE2DC086302,airbus,3,20
5104929337,Saudi Arabia,3/22/2020,Russia,10/16/2018,2917,WDDEJ7EB2EA911900,boeing,1,20
5496975174,Colombia,3/9/2019,Thailand,2/11/2019,2687,WBAPM5G50BN423293,airbus,3,20
4357719895,Indonesia,6/23/2019,Sierra Leone,3/2/2019,2046,WBANV93519C629472,airbus,3,20
3792533014,Poland,11/21/2019,Philippines,3/7/2019,2676,WDDEJ7GB5CA344186,airbus,3,20
0424350157,Slovenia,6/23/2019,Sweden,10/2/2018,2673,WVGAV7AX1CW572122,boeing,2,20
4843370371,China,6/7/2020,Tunisia,1/21/2019,2274,JTHFF2C27D2848421,airbus,2,20
6766192305,China,5/31/2020,China,2/10/2019,2568,WVWAP7AN7DE477214,boeing,3,20
7089894096,Indonesia,6/6/2020,Armenia,4/6/2019,1738,4T1BK1EB3FU448930,airbus,1,20
4772454829,China,10/30/2018,Indonesia,10/4/2018,2617,1FTEW1CM5DK914115,airbus,3,20
4070836225,Tanzania,3/18/2020,Honduras,3/21/2019,2319,5UXWX9C56E0606085,airbus,3,20
2165420539,Nigeria,3/1/2019,Brazil,1/2/2019,1261,1FTEX1C86AK790254,boeing,3,20
9326010287,Madagascar,11/4/2020,China,11/2/2018,2525,1G6AK5S37F0928628,boeing,3,20
0880636211,Portugal,3/31/2020,Guatemala,10/20/2018,2769,WAUSF78E56A507296,boeing,3,20
7634369098,China,3/2/2020,Indonesia,5/23/2019,1665,2C3CDYAG6EH364006,airbus,3,20
8151995319,Malaysia,3/28/2020,China,10/9/2018,1085,3C63DRHL9CG197763,boeing,1,20
7317227072,Hungary,2/19/2020,Mexico,12/19/2018,1328,3VW1K7AJ0FM432640,boeing,3,20
6096462367,United States,7/2/2019,China,5/5/2019,2630,SCFAB05D99G016178,boeing,1,20
3784914217,Russia,5/6/2019,Poland,6/11/2019,2425,JTHBL1EF4E5086389,boeing,2,20
7212594997,France,8/24/2019,China,8/21/2019,2006,SCBBB7ZH1DC075544,airbus,2,20
9315036581,Indonesia,11/5/2019,Russia,5/8/2019,2926,5J6TF1H54DL772128,airbus,1,20
8572221891,Papua New Guinea,7/6/2019,China,5/7/2019,2070,WA1CGBFE3BD534302,boeing,3,20
3228753743,China,7/5/2019,Brazil,4/16/2019,1927,WP0CB2A87FK383293,boeing,3,20
5349866486,Russia,10/13/2019,Morocco,11/24/2018,2968,5N1AA0NC9CN646886,boeing,1,20
5187931482,Ukraine,11/2/2018,China,7/10/2019,1605,WAU3FAFR6AA165969,boeing,1,20
2286944709,Haiti,10/27/2019,Indonesia,8/12/2019,2984,WAU4FAFR2BA693367,airbus,2,20
2611758182,France,11/27/2018,Philippines,4/5/2019,2772,5XYKT3A18BG530612,airbus,2,20
1573251356,Poland,12/6/2019,Thailand,5/28/2019,2072,5N1AL0MM8EC546247,boeing,2,20
6589488878,Sweden,6/4/2020,France,8/4/2019,1280,JTHDU5EF6C5183118,airbus,1,20
2241384631,Ukraine,11/29/2020,Russia,10/19/2018,1058,2C3CA4CD3AH123955,boeing,2,20
8522713367,China,10/7/2018,France,6/22/2019,1307,2B3CJ4DG8BH763005,airbus,3,20
8725515314,China,8/28/2020,China,12/23/2018,1356,SCBBB7ZH5EC205343,boeing,3,20
8201099680,France,9/18/2019,Paraguay,4/24/2019,1115,5GAEV23D29J790377,boeing,3,20
5093064661,Egypt,7/16/2020,Indonesia,11/20/2018,2187,1HGCR2E77FA136554,boeing,1,20
8057814322,Brazil,10/6/2018,Colombia,12/4/2018,2320,SCBBB7ZH1EC954656,airbus,3,20
7449639629,Mexico,8/12/2019,Albania,1/5/2019,2287,JTHBE5C28C5935793,boeing,1,20
9457014596,Sweden,9/10/2020,Afghanistan,3/29/2019,2977,WAUKH74F76N134408,boeing,2,20
6060366007,Guatemala,9/22/2020,China,11/24/2018,1690,JTDKDTB38C1499876,airbus,2,20
1173443584,Russia,11/1/2020,Lithuania,3/11/2019,1769,1G6DM5E3XD0434294,airbus,1,20
6957968774,Tunisia,5/23/2020,Azerbaijan,12/6/2018,2636,WAUEG78E86A405887,boeing,3,20
7877269846,Mexico,10/22/2019,Poland,11/29/2018,1098,19UUA8F21CA689603,airbus,1,20
1516822331,Philippines,5/4/2020,Netherlands,6/1/2019,2699,5UXKR0C55F0583064,airbus,2,20
3509427904,China,6/1/2019,Indonesia,7/5/2019,2196,5XXGM4A78CG284423,airbus,1,20
1401518389,Russia,9/20/2020,Japan,5/7/2019,1899,2C3CCABG3CH434423,airbus,2,20
6601118753,Brazil,7/30/2019,Benin,7/10/2019,1737,1G6AA5RXXD0129211,boeing,2,20
5960785919,France,8/24/2019,Bangladesh,11/18/2018,2652,1FAHP3DNXAW936153,boeing,2,20
6052231157,Indonesia,4/10/2020,Russia,3/25/2019,1846,2C3CDXL91FH512833,boeing,3,20
7552167572,China,9/27/2019,China,6/3/2019,2186,WAUKFBFL9CN584584,airbus,3,20
4460642255,China,3/16/2020,China,11/11/2018,1231,5N1AA0NC3FN754473,boeing,3,20
9081819356,Indonesia,6/3/2020,China,9/4/2019,2611,19UUA96249A519721,boeing,2,20
8940565290,Indonesia,1/24/2020,China,2/18/2019,2816,1G6AU5S88F0920592,airbus,2,20
2400088225,Mexico,11/20/2019,Mongolia,12/18/2018,2455,1N6AA0CC8DN221665,airbus,1,20
9944194204,Cuba,11/26/2019,Vietnam,7/1/2019,2026,WAUVT58E73A572110,airbus,1,20
9791683786,Finland,2/8/2020,Brazil,11/6/2018,2064,WBAFR9C50CC516953,airbus,3,20
6742117699,China,11/4/2019,Indonesia,1/25/2019,1962,KMHHT6KD1DU249401,airbus,2,20
2253290181,Thailand,10/9/2020,Japan,12/14/2018,1725,1FMJK1F50AE354606,airbus,1,20
5878351668,France,12/18/2019,Portugal,5/3/2019,2013,WBALZ3C53CC350007,airbus,1,20
3831227675,Croatia,4/6/2020,China,10/19/2018,1707,SCFEBBCF9BG730934,airbus,3,20
9716796676,Philippines,9/10/2020,Indonesia,7/6/2019,2885,WAUGL98E36A507761,airbus,1,20
3054222144,Vietnam,11/10/2018,China,7/7/2019,1037,WAUWGAFC0DN665967,airbus,1,20
0149885547,China,10/17/2019,Brazil,9/25/2019,2722,JH4NA21604S720179,boeing,1,20
7868862262,Indonesia,12/1/2019,Philippines,10/20/2018,2123,WBAPK5C51AA991537,airbus,1,20
8356346789,Argentina,10/31/2019,Greece,2/2/2019,2502,WAULC68E45A831846,airbus,3,20
8782617694,China,6/1/2019,Russia,2/26/2019,2798,JHMFA3F21AS027617,boeing,2,20
5602669523,Indonesia,5/7/2019,Japan,6/27/2019,2043,3VW517AT9EM673584,airbus,2,20
9409711916,China,11/11/2020,Russia,10/8/2018,2894,2C3CK6CT8AH390069,boeing,1,20
8364481584,China,6/22/2020,China,6/1/2019,1748,WP0CB2A86CS612624,boeing,1,20
5374577905,Albania,8/6/2019,Trinidad and Tobago,5/30/2019,1977,WAUSH74F88N758236,boeing,2,20
6246085296,Ukraine,6/3/2020,Honduras,2/27/2019,2549,5N1AN0NU8DN268073,boeing,2,20
9904777497,Mongolia,4/27/2020,Czech Republic,5/3/2019,1308,5N1AA0NC6AN696996,airbus,2,20
6944839350,Spain,1/18/2020,China,9/5/2019,1977,5N1AZ2MH7FN665037,airbus,2,20
5137973742,Russia,7/25/2020,Thailand,3/18/2019,2650,WUAAU34228N377761,boeing,2,20
9007326538,Indonesia,9/14/2020,United States,4/20/2019,2726,WA1BV94L88D916989,airbus,1,20
6378554439,Afghanistan,2/22/2020,China,3/31/2019,1459,1GKS2GEJ6CR987429,boeing,2,20
6546120755,Russia,11/30/2020,Sweden,4/15/2019,2851,1FTWX3B52AE469950,boeing,1,20
9580669198,Canada,11/11/2020,Russia,3/10/2019,1603,WBANW53558C251712,boeing,1,20
2305321287,Poland,1/11/2020,Philippines,2/16/2019,1782,KMHCM3ACXAU521843,airbus,3,20
8894705749,Russia,8/25/2020,Portugal,6/20/2019,2830,1N6AA0EC4EN482497,boeing,3,20
4423815141,Brazil,9/20/2019,Indonesia,4/24/2019,1503,WBANW53518C631968,airbus,3,20
6156055622,Colombia,1/18/2019,China,10/2/2018,2342,5UXFA93536L204171,boeing,3,20
9428221937,Guinea-Bissau,12/6/2018,Chile,11/30/2018,2150,1D7RW2BK4BS341267,airbus,1,20
9660388985,Ireland,2/22/2019,China,7/16/2019,2383,1G6KS54Y72U092755,airbus,3,20
4341407147,Poland,4/18/2019,Indonesia,6/28/2019,2476,WBAGL63413D130841,boeing,3,20
9259338298,Philippines,3/8/2020,Portugal,1/6/2019,2701,WAUFEBFM5BA553660,boeing,3,20
3437423967,Ukraine,3/23/2019,Egypt,6/11/2019,2328,WAUEH78EX7A295424,boeing,3,20
3632842809,Mexico,9/27/2020,Russia,4/23/2019,2768,JN8AZ2KR4DT741410,boeing,1,20
6941913576,Portugal,1/20/2019,Indonesia,4/26/2019,2379,WP0AA2A99CS119913,airbus,3,20
0222497009,Thailand,12/28/2018,Brazil,10/12/2018,2457,1N6BF0KM9FN870877,airbus,2,20
4025557924,Philippines,10/1/2020,United States,4/6/2019,2534,JH4DC54804S938756,boeing,2,20
7434134372,Mauritania,11/17/2020,Afghanistan,3/21/2019,1289,1FTWF3B55AE458377,airbus,2,20
3484006358,Colombia,4/11/2020,Bhutan,7/6/2019,2504,1ZVBP8AM2E5944183,airbus,2,20
3128015163,China,12/5/2018,China,6/8/2019,2120,WAUR4AFD8CN659122,airbus,2,20
9276585796,Peru,1/22/2019,Russia,1/26/2019,2716,1FTEX1C89AF940284,airbus,1,20
0679674144,China,3/14/2019,Portugal,10/28/2018,1430,JTEBC3EH8C2764022,boeing,1,20
7338172528,Indonesia,8/4/2019,China,9/2/2019,2751,1N4AA5AP9CC381804,boeing,3,20
0094872031,Armenia,9/25/2019,Germany,10/6/2018,1153,2G4WF521231341223,boeing,1,20
9836658068,Indonesia,4/11/2020,France,4/17/2019,2841,SALVN2BG5EH046793,airbus,3,20
2823260862,China,5/24/2020,Chile,12/4/2018,1799,WAU4GAFB9AN228124,boeing,2,20
6685633794,China,12/7/2018,Russia,5/27/2019,1612,KMHEC4A42FA540759,boeing,1,20
9696886055,China,7/21/2020,Russia,8/29/2019,1501,KNADN5A35F6694759,boeing,3,20
4778860764,Syria,3/3/2019,Philippines,6/10/2019,2687,SCFFDABM1DG246834,boeing,2,20
2258897335,China,12/10/2019,China,6/2/2019,1148,JH4DC54815S533894,airbus,2,20
7098630543,Czech Republic,11/17/2019,Colombia,8/7/2019,2159,SCBLF44J98C129082,airbus,1,20
0175287880,Syria,12/1/2019,Indonesia,2/16/2019,1747,WAUML44E56N105129,boeing,3,20
6573471164,Argentina,1/14/2020,Palestinian Territory,2/12/2019,1226,JTHBE1BL7D5966876,airbus,3,20
8119985400,Czech Republic,6/13/2020,Indonesia,6/27/2019,1939,2C3CDXBG9DH029815,boeing,3,20
7603537983,Mexico,1/2/2019,Poland,7/18/2019,1541,WAUBT48H15K252740,airbus,3,20
6706258636,Thailand,11/2/2020,Yemen,8/1/2019,1474,WAUMGAFL7EA433124,boeing,3,20
9485341911,China,5/14/2019,South Africa,4/12/2019,1869,3C6JD6DT6CG763678,airbus,1,20
3100401980,Ukraine,12/13/2019,Brazil,12/27/2018,2719,19UUA8F28DA543023,airbus,1,20
9355514174,China,11/18/2020,China,12/9/2018,1148,WBA4B3C53FG876997,airbus,2,20
1070405787,Philippines,10/14/2019,Ukraine,10/1/2018,2944,2C3CDXCT6CH323991,boeing,1,20
3074182393,France,6/30/2019,Peru,8/25/2019,1486,1G6DK8ED3B0071477,boeing,2,20
7880971653,Philippines,8/6/2019,Egypt,7/9/2019,1046,4T1BF3EKXAU785653,airbus,1,20
5317706300,Kazakhstan,11/28/2018,Thailand,12/26/2018,1203,WA1DGBFP0DA216146,boeing,1,20
6567101768,China,9/21/2019,China,8/1/2019,1044,JN1AZ4EH8CM555438,boeing,2,20
1441637605,Mexico,6/21/2020,China,2/23/2019,2637,1GD11XEG8FF273768,boeing,3,20
8325440465,Philippines,3/18/2019,China,1/14/2019,2984,1N6AF0KY0EN677899,airbus,3,20
3831910766,China,2/4/2019,Indonesia,12/20/2018,1477,3GYT4LEF4CG473183,airbus,3,20
2226739920,Guatemala,9/21/2019,Czech Republic,12/20/2018,1856,JM3KE2BE2F0365214,boeing,2,20
8881949830,China,8/16/2019,Latvia,4/17/2019,1330,WBA6B8C58FD887467,airbus,1,20
8248571262,Botswana,10/11/2019,Canada,12/26/2018,2884,1D7RW2GK3BS457052,boeing,2,20
6830871239,Ukraine,8/3/2019,Brazil,9/22/2019,2478,3C63D3NL4CG519243,boeing,2,20
6150318184,Cameroon,12/17/2018,Zambia,7/22/2019,1210,WAUDF78E47A016213,airbus,2,20
3861076454,Sweden,8/4/2020,Philippines,9/27/2019,1538,1G4HB5EM3AU220227,airbus,1,20
6702879229,China,10/31/2018,Cuba,12/3/2018,2874,WDDGF5EBXAF881105,boeing,1,20
0791028941,Philippines,5/2/2020,Brazil,9/14/2019,1306,WBAUU3C53AA918171,airbus,2,20
7512282117,Russia,12/2/2018,Japan,8/8/2019,2126,1G4GC5GR0CF005316,boeing,2,20
0350764530,China,8/29/2019,Indonesia,10/30/2018,2256,1N4AL2AP1AN677958,airbus,1,20
4829113960,Russia,6/10/2020,Sweden,6/22/2019,1008,JN8AF5MR1FT018902,airbus,1,20
3693294208,Poland,12/29/2018,China,5/7/2019,1053,JN8AZ1MU3AW898738,airbus,2,20
1632652226,Dominican Republic,4/8/2019,Indonesia,6/22/2019,2897,JHMZF1C60CS928961,airbus,3,20
0282773835,Slovenia,8/23/2020,Croatia,1/25/2019,2967,WP0AB2A84FK635119,boeing,3,20
0890355959,Indonesia,10/27/2019,Pakistan,11/28/2018,1717,WAUDL94F46N967232,boeing,1,20
4556489261,Russia,2/9/2019,United States,9/6/2019,2840,5J8TB18219A088780,airbus,3,20
1543721230,United States,3/1/2020,Portugal,1/29/2019,1963,WAUAF68E15A322358,boeing,1,20
2368800018,Sweden,9/14/2019,China,8/17/2019,1141,5BZBF0AA1FN719879,boeing,3,20
0637654390,China,11/16/2020,Canada,8/7/2019,1472,JM1GJ1T69E1456100,boeing,3,20
3075973513,Cyprus,11/7/2018,Philippines,1/19/2019,2469,JN1BY1AP7DM600650,boeing,2,20
1652645748,Togo,8/6/2019,Russia,3/4/2019,2426,JTDKN3DP9E3343348,boeing,2,20
0080432069,Indonesia,4/26/2020,Dominican Republic,5/30/2019,1428,1FMJU1G53AE151153,boeing,1,20
7642343000,Canada,6/23/2020,Ukraine,9/21/2019,2373,WBADW7C58DE916284,boeing,2,20
8399447862,Brazil,11/13/2018,China,8/2/2019,1492,JN1AZ4EH2BM886899,boeing,1,20
7474253887,Finland,11/17/2020,Malta,3/22/2019,2956,JN1AZ4FH6FM503406,boeing,2,20
4334361250,Belarus,1/29/2020,Croatia,7/7/2019,2194,1FTEX1CM5DK702022,boeing,3,20
8949670488,Sweden,6/23/2020,China,5/5/2019,1668,1GYS4JEF2BR907924,airbus,2,20
7037900397,China,9/8/2020,South Africa,1/2/2019,1007,WP0AB2A86CS069492,boeing,2,20
9122817107,China,12/19/2018,Sweden,2/20/2019,1862,1G4CU541344478280,airbus,3,20
3756732975,Russia,7/15/2020,Indonesia,2/4/2019,1774,1G6DM8EG8A0099889,boeing,1,20
3249389412,Indonesia,4/20/2019,Netherlands,3/9/2019,2357,1G6DF8E50D0115029,airbus,1,20
8227735576,Austria,4/4/2019,Czech Republic,9/5/2019,1297,3VWAL7AJ8AM533382,airbus,3,20
2444954920,Philippines,11/23/2019,China,4/30/2019,2517,5N1AR2MM9DC273182,airbus,2,20
2003803793,Djibouti,7/23/2020,France,9/13/2019,1180,5J8TB3H35EL856098,airbus,2,20
3059197768,Iraq,2/12/2019,Poland,12/19/2018,1345,SALAC2D48CA614662,airbus,3,20
1487482132,Indonesia,6/21/2019,Armenia,6/23/2019,1265,2C3CCAGG1CH590940,boeing,2,20
3580046071,Philippines,10/18/2020,Lebanon,4/5/2019,2075,WBAVC73578A744467,boeing,3,20
8763529378,Indonesia,1/22/2019,Indonesia,8/9/2019,2462,3C63DPBL4CG286945,boeing,2,20
0219496412,Peru,7/25/2020,Brazil,1/1/2019,2475,5N1AT2MK1FC403099,boeing,2,20
2688572865,Morocco,7/20/2019,China,1/12/2019,1375,WBAKP9C55ED174515,airbus,3,20
1052131239,China,7/10/2019,Argentina,8/27/2019,1513,4T1BF1FK8FU894946,airbus,2,20
3841902340,Peru,3/13/2020,Ukraine,6/26/2019,1017,3FAHP0KC8AR853470,boeing,2,20
1685167721,China,12/23/2019,Sweden,10/29/2018,1715,1GYEE437380395112,boeing,2,20
8246461966,Philippines,3/29/2020,Brazil,2/9/2019,2076,WBALW3C55FC459145,boeing,3,20
6456994195,Ukraine,2/28/2020,Indonesia,9/26/2019,1543,WAUKFAFL6DN529456,airbus,1,20
0320339114,Poland,7/7/2019,Indonesia,10/27/2018,2019,1GD12ZCGXCF880519,airbus,2,20
3372523156,Argentina,2/23/2019,China,7/17/2019,1096,1GD11ZCGXDF736957,airbus,1,20
3639739310,Brazil,1/5/2020,Japan,8/19/2019,1475,WUADU78E48N386535,airbus,1,20
9525861287,Russia,8/13/2020,Saudi Arabia,1/23/2019,1160,5TDBKRFH7FS015833,airbus,1,20
0480122172,China,3/21/2020,Greece,4/20/2019,1848,WAUBF98E38A146357,airbus,2,20
7053941043,Colombia,4/17/2019,Czech Republic,5/5/2019,2592,WBADS43493G113407,airbus,2,20
3642453732,Philippines,5/3/2019,Russia,12/27/2018,1537,KMHEC4A49DA434161,boeing,1,20
8700179310,Ukraine,10/15/2018,Czech Republic,9/19/2019,1476,WBA3V5C54EJ215754,boeing,2,20
0590714252,China,5/1/2019,China,4/14/2019,1773,WA1VMBFEXCD392484,boeing,1,20
5688536438,Ukraine,5/3/2020,United States,8/17/2019,1448,1FTNS1EW2AD288937,airbus,2,20
7604263151,China,12/11/2019,United Arab Emirates,10/23/2018,1122,SCFFDAAE2CG765478,airbus,1,20
7130406283,China,2/4/2019,Brazil,7/20/2019,2247,1G4GG5E31CF244988,airbus,3,20
4959243457,Argentina,5/31/2019,Poland,9/27/2019,1455,1G6DG8E52D0319456,airbus,3,20
6228205986,Russia,6/14/2020,China,1/25/2019,2167,5XYZT3LB0DG530210,airbus,3,20
9704217781,Canada,4/28/2020,China,11/5/2018,2562,1G6KE54Y31U530970,boeing,3,20
6950904509,Russia,11/26/2019,Philippines,4/18/2019,1025,WAUAFAFLXFN626920,boeing,3,20
9786515404,France,11/11/2020,Angola,8/7/2019,1684,5UXWX7C5XE0333267,airbus,3,20
6088059125,United States,2/14/2020,Cuba,6/30/2019,1538,19XFA1E34AE098507,boeing,1,20
6578497501,China,2/19/2019,Norfolk Island,12/9/2018,2945,WBAEW53443P124250,boeing,3,20
4778933249,Cayman Islands,12/29/2019,Malaysia,5/12/2019,2932,WAUDFAFL6CA697418,airbus,1,20
5499586152,Portugal,7/13/2019,China,1/12/2019,1688,1FTEW1CW6AF028245,airbus,2,20
9692125882,Japan,5/5/2019,Czech Republic,9/21/2019,1077,JHMFB4F21CS212790,airbus,1,20
3373682509,Tunisia,10/18/2019,Mongolia,9/2/2019,2496,1FTMF1EW9AF195773,airbus,2,20
9602360410,China,10/17/2019,Colombia,12/17/2018,1577,2FMHK6DC4AB105315,boeing,1,20
4404434936,Kosovo,1/28/2020,Argentina,6/19/2019,2661,WBADX7C51DP409115,airbus,2,20
2433610338,Philippines,6/28/2019,United States,8/2/2019,2292,WA1DGBFP4DA226484,boeing,2,20
7400611232,Japan,5/1/2020,Zimbabwe,8/22/2019,2690,WAUHFAFL8EA117669,boeing,2,20
3719278581,Ukraine,8/27/2020,El Salvador,6/25/2019,1032,WVGAV7AXXFW062291,airbus,1,20
9447972683,Indonesia,6/21/2020,Russia,10/1/2018,2639,WAUAFAFHXEN373642,boeing,1,20
3504204095,Indonesia,2/9/2020,Slovenia,4/8/2019,1861,5N1CL0MM5EC279044,airbus,1,20
8747672722,Indonesia,3/5/2019,Peru,10/19/2018,1238,1G6DS5ED9B0306592,airbus,2,20
0534024572,Canada,2/14/2020,Brazil,3/30/2019,1293,1GD312CG5EF929485,airbus,3,20
7953180294,China,4/15/2019,Indonesia,2/13/2019,2533,WBAVB73568F674854,boeing,3,20
5657284585,China,4/13/2019,Philippines,8/28/2019,2861,WA1LMAFE2ED767384,boeing,2,20
5681646351,Japan,1/9/2020,Maldives,4/6/2019,2228,2FMPK3J93FB664817,airbus,2,20
4100553730,Thailand,9/8/2020,Peru,5/23/2019,1709,2C3CCAET7CH533495,boeing,2,20
0692967400,China,6/13/2019,Malaysia,9/7/2019,2543,WAUDF78E88A980590,boeing,3,20
8649042503,Mexico,10/1/2020,Finland,2/27/2019,2241,3FA6P0LUXFR781807,airbus,1,20
8900810235,Indonesia,12/19/2018,China,12/15/2018,1759,1N6AA0EJ7FN380207,boeing,1,20
2806153409,Argentina,4/2/2019,China,11/12/2018,2657,3N1BC1AP5BL670993,airbus,3,20
5059009165,Russia,3/14/2020,China,6/6/2019,2740,WAUUL78E27A511681,boeing,3,20
7368739208,France,9/19/2019,Portugal,7/13/2019,1419,2T1KE4EE3DC119016,airbus,1,20
4400183653,Israel,9/23/2019,Russia,11/19/2018,1408,2G4GT5GX0E9712510,boeing,3,20
4026056880,Indonesia,4/15/2020,Philippines,7/10/2019,2748,JM3TB2CA7D0962252,airbus,1,20
1112195955,Macedonia,1/12/2020,Philippines,6/8/2019,1035,1FMCU0D7XAK202447,boeing,3,20
3387652348,China,4/4/2020,Brazil,4/20/2019,1722,2C3CA7CW6AH703025,airbus,3,20
1039176143,Czech Republic,9/29/2020,Indonesia,1/23/2019,1802,SALAB2D4XAA346276,airbus,3,20
4936559644,Iraq,7/22/2020,Latvia,3/2/2019,2733,1G6DX67D770280411,airbus,1,20
6644500250,Ukraine,10/10/2018,Tunisia,7/15/2019,1722,3D7JB1EP3AG474800,boeing,1,20
0285467921,Russia,10/26/2019,Philippines,8/5/2019,1772,WAUKF78E58A832940,boeing,1,20
0290538726,China,6/30/2019,China,6/10/2019,1200,1VWAH7A30EC181019,boeing,3,20
9993220558,Bosnia and Herzegovina,11/4/2020,Indonesia,12/11/2018,2442,5FPYK1F66EB778656,airbus,2,20
8207309636,Sweden,8/27/2020,Thailand,11/14/2018,1248,1GYFK56289R885996,boeing,1,20
5742989385,Sweden,5/13/2019,China,1/3/2019,2457,JTHDL5EF4F5241802,boeing,2,20
1818244691,Indonesia,7/4/2020,China,10/15/2018,2410,WBAKF3C57CE263087,boeing,3,20
5908010308,China,10/26/2020,China,1/12/2019,2124,1G6DP5EV5A0271669,boeing,2,20
2902397623,Guatemala,7/27/2020,Indonesia,10/29/2018,1721,WBADX7C50DJ069815,boeing,1,20
9760857243,Guyana,8/3/2020,Peru,3/31/2019,1579,WBANU5C56AC839310,boeing,1,20
3988536121,Colombia,5/24/2020,Papua New Guinea,11/4/2018,1997,1FT7W2A65EE438659,boeing,3,20
2761905180,El Salvador,3/30/2019,Greece,3/27/2019,1283,WAUFFAFLXDA378503,boeing,2,20
3279726123,Morocco,5/25/2020,China,2/27/2019,2248,SCBLC37F76C794084,airbus,1,20
8217906556,China,3/2/2020,Nauru,8/30/2019,1277,WBA3B5C51FF156627,airbus,2,20
1110455623,Philippines,1/22/2019,France,8/6/2019,2224,2C3CDXCT8FH139964,airbus,3,20
7183289281,Thailand,10/21/2018,Sweden,2/19/2019,1658,YV4902BZ3C1635028,boeing,1,20
8468706655,Uganda,6/17/2019,Afghanistan,8/5/2019,2331,WAUDG98E35A707707,airbus,2,20
0863367860,Sweden,3/25/2020,Greece,12/2/2018,2824,5GALVBED0AJ828522,airbus,1,20
1706886144,United States,11/11/2019,Israel,1/6/2019,2207,JTDKTUD36ED747095,airbus,2,20
1742735312,Brazil,10/5/2019,United Kingdom,4/26/2019,1610,WA1BY94L47D994904,airbus,3,20
6915447520,Chile,9/13/2020,Sweden,8/7/2019,2664,1FTWW3A53AE511577,airbus,3,20
7284685468,Egypt,3/2/2019,China,9/16/2019,2861,3C6JD6DT6CG403066,boeing,1,20
8025764273,Thailand,6/22/2020,Portugal,9/13/2019,1927,WAUMGAFL8EA602048,boeing,3,20
2831771439,Brazil,3/26/2020,Argentina,12/8/2018,1760,1N6BF0KM5FN366696,boeing,1,20
6564397615,Indonesia,11/2/2019,China,3/3/2019,2269,WA1DGAFE0FD574308,airbus,1,20
8649113982,Russia,4/8/2019,Thailand,11/29/2018,2194,WAULC68E12A998192,airbus,3,20
3975192666,Poland,10/22/2019,Indonesia,5/11/2019,2017,WBAAV33431F466488,airbus,1,20
3403751724,Haiti,11/20/2019,Israel,8/14/2019,1431,1GYUKDEF8AR426302,airbus,2,20
5426721947,Indonesia,11/1/2020,Norway,8/20/2019,1129,5FRYD3H28GB394372,airbus,2,20
7831662111,China,4/19/2019,Russia,6/28/2019,1398,3VW517AT5FM136860,airbus,1,20
7213699725,Sweden,3/1/2020,China,6/13/2019,1541,5FNYF3H29EB648678,boeing,1,20
9763502713,Russia,8/10/2019,Israel,7/10/2019,1758,3VW4T7AT3EM430441,airbus,3,20
7088132273,Dominican Republic,5/28/2019,China,10/17/2018,2604,WP0CA2A88CS109230,airbus,2,20
8591772369,France,12/8/2019,Peru,6/15/2019,1067,KMHHT6KD4BU341163,airbus,2,20
0518700178,United States,5/9/2019,Thailand,1/29/2019,1929,WA1CYBFE1AD219039,airbus,2,20
7154297603,Colombia,4/9/2020,Russia,1/24/2019,1184,WAUED54B41N804743,boeing,2,20
2131731930,Indonesia,2/21/2020,China,5/23/2019,1019,1GYEE637070868748,boeing,2,20
9796369915,Sweden,5/26/2019,Czech Republic,1/25/2019,1757,WBACN33461L808493,boeing,2,20
1517839351,Indonesia,5/19/2019,China,3/7/2019,2732,2G4WF551611226035,airbus,3,20
0789332124,Canada,11/30/2019,Portugal,3/28/2019,2007,WAUGL68E25A201177,boeing,2,20
1968859632,Russia,12/11/2018,Russia,10/17/2018,1565,1N4AL3AP3EC273020,airbus,2,20
6516463441,Philippines,11/1/2019,Honduras,12/17/2018,1988,WBAVC53518F503608,airbus,3,20
4658807831,Ivory Coast,8/29/2019,Germany,1/22/2019,1090,WAUKF78E95A610008,airbus,1,20
6162255255,Morocco,11/27/2018,Croatia,3/12/2019,2076,KMHHU6KJ0FU024067,airbus,2,20
1932893490,Cameroon,10/27/2019,France,2/18/2019,2258,WBAYP9C55DD334501,airbus,3,20
5424777457,Mongolia,6/6/2019,Serbia,12/9/2018,2859,19UUA56783A061032,airbus,3,20
8506102898,Micronesia,10/5/2020,Israel,5/19/2019,1054,KMHFG4JG4CA782287,airbus,1,20
8503591529,China,2/19/2020,Philippines,3/7/2019,1965,JTHDU1EF3A5109404,airbus,3,20
4044927146,Indonesia,11/19/2019,Poland,4/28/2019,2128,19XFB4F35EE394719,boeing,3,20
9452548266,Greece,3/22/2020,Thailand,6/3/2019,1939,WBA3N3C55FF025664,airbus,2,20
0848645340,Bahamas,12/21/2018,Costa Rica,9/21/2019,2053,SALFP2BN6BH879530,airbus,3,20
0963237683,China,2/19/2019,Indonesia,12/12/2018,1402,1G6KA5E62BU111356,boeing,3,20
5153908798,China,1/2/2020,Germany,3/23/2019,2682,2G61R5S3XE9770110,airbus,2,20
1325701394,Indonesia,8/24/2020,China,3/19/2019,2984,JN1CV6EK3DM727646,airbus,2,20
2315567629,France,10/26/2018,Argentina,4/26/2019,2195,JHMGE8G32BC347148,boeing,1,20
9307785058,Russia,1/28/2020,China,9/18/2019,1497,WAUEKBFB6AN002082,airbus,3,20
4842809434,Bulgaria,11/1/2019,Russia,1/22/2019,2792,2G4WB52K011093555,airbus,2,20
1662852053,France,4/28/2020,United States,4/21/2019,1737,WP0AA2A94BS303851,boeing,1,20
4466809720,Colombia,2/24/2019,Indonesia,3/7/2019,2599,WBABW33404P678880,boeing,3,20
0124033873,Albania,3/8/2020,Argentina,4/26/2019,1359,WBAVB33546P793793,boeing,2,20
1890484555,Indonesia,11/2/2018,Portugal,6/22/2019,1874,WAUAF78E26A036090,airbus,2,20
8463115470,Latvia,11/14/2018,Colombia,5/30/2019,1488,YV1902FH8B2237742,boeing,3,20
5219688677,Malaysia,10/9/2019,Indonesia,1/4/2019,1330,WBASN4C50CC486172,airbus,2,20
1024068552,China,7/27/2020,France,11/7/2018,1437,WBA8Z5C57FG462680,airbus,2,20
4303664065,Sweden,12/11/2019,Philippines,11/5/2018,2229,5GALRAED1AJ215159,airbus,1,20
0153920254,China,6/15/2020,Indonesia,3/14/2019,2114,3D4PG4FB4BT804756,airbus,2,20
6616867773,China,1/3/2019,Indonesia,12/10/2018,1314,WAUWGAFC3FN343147,boeing,2,20
6964194010,United Kingdom,3/7/2019,Puerto Rico,11/23/2018,2575,WAUGL98E38A963133,airbus,1,20
4172461840,United States,10/30/2019,Indonesia,2/8/2019,2250,1N4AA5AP6EC686115,boeing,3,20
8302799017,Russia,10/7/2018,Macedonia,6/10/2019,2337,1N6AA0CC8BN228175,airbus,2,20
4973629057,China,12/19/2019,Philippines,6/9/2019,2361,WAUDG94F95N868666,boeing,3,20
3412712507,China,9/16/2019,South Korea,10/24/2018,2272,WAUJFAFH2EN611872,airbus,3,20
5921744573,China,11/17/2020,China,4/23/2019,2579,3FADP4AJ7BM635427,airbus,2,20
5659120946,Philippines,4/15/2019,Brazil,9/30/2019,2778,1N6AA0CA3FN728233,airbus,3,20
0258629177,Indonesia,6/7/2019,Indonesia,8/16/2019,1884,WAUJC68EX3A822637,airbus,1,20
5671959349,France,6/12/2020,Albania,3/13/2019,2150,JM3TB2CV3F0742628,airbus,2,20
9366879497,Russia,4/29/2020,Indonesia,10/19/2018,2816,1C3BC8EG1BN791587,airbus,2,20
6295164536,Tanzania,8/29/2020,Indonesia,9/22/2019,2431,2T1BU4EE9DC121761,airbus,3,20
0736997857,Honduras,2/15/2020,Brazil,10/18/2018,1565,KL4CJGSBXFB817694,airbus,2,20
2859412212,Austria,11/20/2020,China,1/3/2019,1760,JM1NC2MF4E0027524,airbus,3,20
3547944813,Mongolia,10/5/2020,Indonesia,5/3/2019,1954,1GYFK66898R548309,boeing,3,20
0899549888,Indonesia,12/10/2019,Finland,7/4/2019,1625,WAULC68E35A957888,boeing,2,20
6340586430,China,4/26/2019,Philippines,11/15/2018,2762,2HNYD18746H893433,airbus,1,20
5310533869,Argentina,1/19/2019,Armenia,1/13/2019,1248,2T1KE4EEXCC643679,airbus,3,20
1599168243,Indonesia,12/7/2018,Honduras,4/26/2019,1982,1D7RE3BK9BS348885,airbus,1,20
4522402783,Pakistan,12/20/2018,Australia,4/25/2019,2366,WA1LFAFP9CA816476,boeing,1,20
9226478678,China,8/16/2020,China,2/15/2019,2913,1N6AF0KX6EN624986,airbus,1,20
8720695683,Poland,5/13/2020,China,10/25/2018,1947,JN1AZ4FH2FM884753,airbus,3,20
1017252254,Canada,4/11/2019,Philippines,10/28/2018,1176,1GKS1HE04ER269154,boeing,2,20
2352662443,United States,5/5/2019,Pakistan,12/29/2018,2369,5FRYD4H26FB505778,airbus,2,20
7613600564,Portugal,8/30/2019,Mongolia,8/17/2019,2764,WA1LGBFE7FD871660,airbus,1,20
6338495873,China,1/30/2019,Greece,5/18/2019,1418,WUARU78E67N620551,boeing,1,20
7414764796,Brazil,12/11/2018,Malaysia,9/15/2019,2745,JTDKDTB32E1692107,boeing,1,20
2333789425,Indonesia,1/23/2020,Japan,4/16/2019,2967,19UUA9E59EA402867,boeing,3,20
2067861727,China,9/29/2020,Eritrea,10/19/2018,2564,WBAET37454N609372,boeing,1,20
0412068389,Brazil,11/19/2018,Brazil,6/4/2019,1050,5TDBY5G19BS310290,boeing,3,20
3985366276,United States,11/13/2020,China,8/3/2019,1784,WDDEJ7HB6AA479513,airbus,1,20
2081721503,Hungary,8/19/2020,Brazil,11/22/2018,1103,1FTWF3D50AE337785,boeing,3,20
9945283480,China,7/30/2020,Colombia,2/24/2019,2305,WAUPFAFM1BA745752,airbus,1,20
2371296791,Mexico,10/29/2018,Vietnam,3/5/2019,2978,WAULT58E53A570993,boeing,1,20
9227664920,Namibia,8/2/2019,Philippines,6/14/2019,2891,WAUDFAFL6FN268664,airbus,3,20
4791135164,France,3/19/2019,China,2/4/2019,1824,3GTU2YEJ0DG879612,boeing,1,20
6503264704,Philippines,8/12/2020,Sweden,10/27/2018,2875,1N6BF0KM1FN439353,airbus,1,20
3052890816,China,1/20/2019,China,9/27/2019,2060,3C3CFFJH7ET220060,boeing,2,20
8503381826,Mexico,8/26/2019,Uruguay,2/24/2019,1114,KMHHT6KD1CU583247,airbus,3,20
5577660092,Yemen,12/23/2019,China,11/12/2018,1825,WAUPL58E95A279658,boeing,1,20
8348384286,Albania,5/14/2019,Russia,4/8/2019,1473,2G4GN5EX0F9166421,boeing,2,20
1223306933,China,7/18/2019,China,3/4/2019,1362,WAUGL78E46A750340,boeing,1,20
0718960238,China,10/13/2019,China,9/28/2019,1086,1J4AA2D1XAL383312,boeing,1,20
7224423408,Armenia,12/6/2018,Liberia,10/23/2018,1620,WAUA2AFD1DN236158,airbus,2,20
4602527833,Philippines,10/14/2018,Indonesia,7/28/2019,2457,JN1CV6EK9AM894492,boeing,1,20
1682373495,Vietnam,5/3/2020,China,7/7/2019,1586,1G6DA67V590681663,boeing,3,20
5399263513,China,4/26/2019,China,10/28/2018,2493,WVGAV7AX6CW427741,boeing,3,20
7265958357,Germany,7/20/2019,China,10/27/2018,2197,1G4PS5SK1C4485424,boeing,2,20
6980862324,Greece,10/13/2018,Poland,2/10/2019,2448,5UMBT935X6L863757,boeing,2,20
9676749540,Senegal,8/20/2020,Brazil,9/3/2019,1110,SAJWA4EC2FM091003,boeing,1,20
8351307874,Russia,11/14/2020,Russia,9/23/2019,2551,WBAAV334X1E218325,airbus,2,20
9063070543,Russia,2/6/2020,Indonesia,5/23/2019,2394,1D7RW3BKXAS427882,boeing,1,20
6288354368,Argentina,6/12/2020,China,11/5/2018,1890,WAULC68E54A254114,boeing,2,20
5142326555,Nigeria,4/18/2020,Russia,4/11/2019,1488,1N4AA5AP2CC481484,boeing,3,20
8491845844,Colombia,10/28/2019,China,6/4/2019,2987,1G6DL8EDXB0128335,airbus,2,20
2368842446,Mexico,7/11/2020,Russia,5/27/2019,2430,3N1AB7AP1FL048771,boeing,1,20
7125536832,Egypt,7/7/2019,China,5/21/2019,1808,WAULT58E15A020581,airbus,1,20
8562409022,China,8/4/2020,Portugal,7/26/2019,2335,WA1CGAFE5DD439320,airbus,3,20
3680842244,Sudan,3/30/2019,Czech Republic,9/19/2019,2643,5GAKRBED2CJ783408,airbus,1,20
3888699711,China,7/5/2019,Indonesia,1/17/2019,2970,1C4RDJAG4FC939768,airbus,2,20
1010214179,Mexico,2/27/2019,Thailand,9/29/2019,2963,1FT7W2A63EE909711,boeing,2,20
0988610655,China,1/11/2019,China,5/22/2019,2856,WAUEF48H98K928831,boeing,2,20
4051054314,Indonesia,7/29/2019,Brazil,4/19/2019,1337,JA4AP3AU4BZ147210,boeing,3,20
6682354819,Russia,11/18/2018,China,5/5/2019,2399,1G6DE5E57C0347370,airbus,3,20
2197002503,Thailand,5/17/2019,Peru,7/25/2019,1753,1GYS4DEF5CR764938,boeing,2,20
0275835006,France,6/21/2020,Indonesia,10/19/2018,2814,WBA3D5C54FK528771,boeing,2,20
7601076199,Czech Republic,3/30/2020,Russia,4/28/2019,1753,TRURD38J191330110,airbus,1,20
7666867352,Russia,6/1/2019,Russia,4/9/2019,1899,1N6AA0EK7FN026356,boeing,3,20
9661725659,Ukraine,1/9/2020,Mexico,3/24/2019,2722,1C4PJLAB7EW423983,airbus,2,20
3621533540,Sweden,5/3/2019,Indonesia,3/3/2019,2688,3D7JB1EK6BG989652,boeing,3,20
8833289125,Luxembourg,7/14/2019,Poland,3/26/2019,1025,1G6KA5EY8AU733525,airbus,3,20
9290386843,China,12/12/2018,China,4/11/2019,1806,WBAEW53472P146225,boeing,3,20
1639180109,Lithuania,7/18/2019,Tunisia,8/13/2019,2549,1G4PS5SK0D4133520,boeing,3,20
5000357558,Philippines,9/19/2020,France,8/28/2019,2512,2C3CDXBG8DH890709,airbus,2,20
1264820836,Namibia,7/4/2019,Argentina,12/13/2018,1824,SCFAD01A46G633375,boeing,3,20
5402716501,Russia,11/2/2019,Syria,8/10/2019,2386,WBAGN63403D811132,airbus,3,20
3682707999,Sweden,2/12/2019,Brazil,11/29/2018,1318,2G4WD582971167601,airbus,1,20
3213346608,China,1/21/2019,Russia,2/16/2019,1957,WBALM7C5XBE294270,airbus,2,20
6925719523,China,5/2/2019,Canada,1/20/2019,2618,1FTNX2A50AE688784,boeing,1,20
0594774055,Jamaica,3/5/2020,United States,9/25/2019,2792,JM1GJ1T6XF1665752,airbus,3,20
3796040438,Nigeria,5/25/2019,China,4/28/2019,1633,1D7RB1GT9BS269280,boeing,1,20
9685341184,Philippines,1/22/2020,China,6/3/2019,2882,19VDE1F32DE079218,boeing,3,20
7420462852,Indonesia,12/27/2018,China,2/3/2019,2458,2HNYD282X8H381057,boeing,2,20
7931396065,Greece,11/10/2018,Nigeria,12/16/2018,2304,WAUFFAFL1EA066913,airbus,3,20
7663065883,China,10/21/2020,Nigeria,5/23/2019,1251,JTDKDTB39F1397300,boeing,2,20
6910816676,Sweden,2/25/2019,Portugal,11/9/2018,1473,WAUDFAFLXCN918673,airbus,3,20
2422380247,Indonesia,11/27/2019,Afghanistan,12/14/2018,2667,1C3CDZBG8DN233993,boeing,1,20
1781474214,Greece,8/31/2019,Tanzania,11/1/2018,2186,WBASP2C57CC163803,boeing,2,20
3116192359,Brazil,11/11/2019,China,6/16/2019,2343,WBANW53568C061644,airbus,2,20
0150018436,Afghanistan,9/7/2019,France,3/22/2019,1692,WA1WYBFE6AD331882,boeing,1,20
6249378766,Portugal,9/18/2020,Philippines,3/31/2019,1951,JM1BL1L31C1555940,boeing,3,20
3787948074,China,7/18/2020,Finland,11/4/2018,1187,WBAET37473N106330,airbus,2,20
8116651676,Burundi,4/26/2020,China,12/21/2018,2822,5TDBK3EH2BS689445,airbus,1,20
8642984554,Ukraine,9/12/2020,Pakistan,7/23/2019,2591,SCBBP9ZA0BC287591,boeing,2,20
2042244716,China,11/30/2020,Indonesia,2/9/2019,2406,5UXZW0C50C0769016,boeing,2,20
4906546560,Russia,7/7/2020,China,5/25/2019,1709,JN8AZ2KR6AT803188,boeing,1,20
6322341529,France,5/1/2019,France,1/20/2019,1122,WVWED7AJ7AW421304,airbus,3,20
0458950343,Japan,2/5/2020,Peru,8/12/2019,3000,5UXFB93593L939164,boeing,1,20
7600098326,Sweden,12/31/2018,Indonesia,11/21/2018,1414,WUARL48HX9K016243,boeing,2,20
6988673059,China,5/3/2019,Indonesia,1/19/2019,1433,5BZAF0AA9EN466935,boeing,2,20
9451259783,Portugal,8/17/2020,Finland,4/30/2019,2831,1GYFC66808R730011,airbus,3,20
5987546915,Madagascar,5/21/2020,France,8/9/2019,1253,5UXFE43539L201959,boeing,2,20
4548612874,Ireland,6/10/2020,Poland,11/26/2018,2172,1FT7W2A6XEE549367,airbus,1,20
1759660418,Indonesia,5/8/2020,Russia,9/24/2019,1490,19XFB2F58EE898672,boeing,1,20
9031798576,Peru,10/30/2018,Russia,12/12/2018,2740,2B3CJ4DG0BH545074,boeing,1,20
3766070142,Argentina,12/10/2018,Syria,8/18/2019,1488,YV1672MC0CJ848684,boeing,2,20
7836569691,Nigeria,10/1/2018,Micronesia,8/6/2019,1506,5N1AA0NCXAN800793,airbus,3,20
8602345208,China,12/15/2019,Russia,9/24/2019,2067,JTHCL5EF0F5235684,boeing,2,20
3633168141,China,10/17/2019,Belarus,8/9/2019,2973,1C3CDFDH8ED738699,boeing,2,20
2226522166,France,9/10/2020,Peru,1/3/2019,2896,YV1952AS7E1402422,airbus,1,20
7863008999,Colombia,10/31/2019,Russia,7/11/2019,1810,TRUSC28N931641762,boeing,3,20
6856519397,Netherlands,5/6/2020,Nigeria,6/30/2019,1644,WAUKH78E26A700290,boeing,3,20
9639897140,Indonesia,1/23/2020,Indonesia,10/28/2018,1703,WAUDH78E97A227241,airbus,3,20
7193198467,Russia,2/13/2020,Indonesia,10/25/2018,1120,JN8AS1MU9AM379855,boeing,2,20
4586404434,Russia,2/6/2020,Poland,3/22/2019,2543,5N1AA0NC0FN351406,airbus,2,20
8108215722,South Africa,9/2/2020,Ethiopia,6/20/2019,2324,1N6BF0KL3FN278401,airbus,2,20
9396193623,China,2/21/2019,Honduras,2/11/2019,1030,1GYFC36259R129222,airbus,3,20
1875377093,China,12/7/2019,Palau,12/4/2018,2091,WBAPM7C56AE176670,airbus,2,20
7297391298,Russia,10/29/2019,Peru,2/3/2019,2783,1FMEU5BE4AU390555,airbus,3,20
4379373207,Indonesia,6/27/2019,Indonesia,6/25/2019,2403,WBAYB6C56ED496295,airbus,2,20
5351535963,Uganda,1/22/2020,Indonesia,8/26/2019,1475,KNAFX6A89F5647664,airbus,2,20
3682188398,Oman,8/19/2020,Poland,10/28/2018,2628,2HNYD18401H487664,airbus,3,20
6987845441,Albania,6/3/2020,Haiti,10/18/2018,2466,1GKUCGEJXAR081464,boeing,3,20
4948804878,United Kingdom,12/3/2019,Cameroon,10/16/2018,2094,2LNBL8CV5AX028929,boeing,1,20
5242105143,China,4/28/2019,Japan,8/24/2019,2521,WBAUT93589A888215,airbus,2,20
2390919782,Portugal,11/11/2020,Indonesia,8/28/2019,1749,JN8AZ2KR4CT747657,airbus,3,20
8198244034,China,3/25/2020,Nigeria,5/20/2019,1056,SAJWA4GC1EM138873,airbus,1,20
1389674592,China,7/8/2020,Russia,12/15/2018,2015,WBALM5C55AE730431,boeing,2,20
9521550724,United Kingdom,12/7/2019,Bolivia,9/6/2019,1269,1HGCR2E34EA933369,boeing,3,20
2309422355,China,11/7/2020,China,8/6/2019,1553,5N1AT2ML4EC959365,airbus,3,20
0878696008,France,8/19/2020,Sweden,5/4/2019,2997,1G6KY54933U049894,boeing,3,20
7902324450,France,5/11/2019,China,9/17/2019,2634,1GKS1EEF3ER374190,boeing,3,20
4832376640,Pakistan,10/27/2019,China,4/24/2019,1422,3VW4A7AT0DM058660,airbus,1,20
1365416852,Russia,3/17/2020,Brazil,1/3/2019,2207,SCFEBBAKXEG867983,airbus,2,20
3665513707,Japan,1/27/2019,China,3/9/2019,2842,JN8AE2KP5F9558432,airbus,3,20
1133474136,Philippines,8/6/2020,Ivory Coast,10/30/2018,2581,1G6DM8E39D0191725,airbus,3,20
1604486554,China,1/26/2019,China,7/15/2019,1999,1C4RDJAG2EC641217,airbus,1,20
9199705842,Russia,3/17/2020,Peru,12/14/2018,1489,JH4KB16578C189959,airbus,1,20
0839130562,Japan,9/13/2020,Belarus,12/19/2018,2084,1HGCP2F3XBA732799,boeing,2,20
2592026703,Russia,10/30/2020,Brazil,10/22/2018,1384,1GYFK23239R898223,boeing,3,20
3371719162,Cocos Islands,6/15/2020,Mexico,4/26/2019,2980,KNAFK4A69F5361217,airbus,3,20
0758319681,Indonesia,4/25/2020,Vietnam,5/28/2019,1203,1G6DL5EY0B0658878,boeing,3,20
7735881827,Portugal,11/23/2018,Spain,6/26/2019,1651,WA1CGAFP7EA354239,airbus,3,20
0526109742,Bhutan,10/16/2020,Vietnam,12/13/2018,2464,WBAKC8C58AC333257,airbus,3,20
1636210392,Tajikistan,12/22/2018,Portugal,4/26/2019,2936,1GYEE637470695462,boeing,1,20
0806163208,China,6/1/2020,Ghana,9/4/2019,2935,5UXFE83518L102188,boeing,1,20
2151592502,Russia,8/5/2019,China,4/13/2019,1186,JM1NC2JF7B0017750,airbus,2,20
1644978881,China,12/1/2018,Republic of the Congo,5/4/2019,1261,WDDGF4HB5DA797748,airbus,1,20
4249488330,France,4/1/2019,Philippines,9/6/2019,1975,5TDDK3DC6DS784334,airbus,3,20
7976345222,Philippines,7/7/2019,Mexico,6/25/2019,2721,WBAPH7C54AA221150,airbus,1,20
3524070426,Indonesia,9/12/2019,Namibia,10/2/2018,1190,3VW517AT9FM453962,airbus,1,20
2077986190,Malaysia,10/14/2019,China,6/2/2019,2958,WBAGN83474D345289,airbus,3,20
4828385282,Portugal,12/25/2018,Egypt,9/15/2019,2832,WAUSH78E78A422649,airbus,2,20
9220679825,China,10/29/2019,Indonesia,1/1/2019,2300,1FTWF3D58AE656657,airbus,3,20
9424992610,Indonesia,5/3/2020,Iraq,9/1/2019,1954,4T1BD1FK4EU086713,boeing,3,20
5121565704,Brazil,12/8/2018,France,7/24/2019,2238,JA32U2FU1DU255210,airbus,1,20
2771796406,Afghanistan,6/27/2019,China,8/22/2019,2075,JTMHY7AJ1A4744356,boeing,2,20
5770503025,Thailand,8/8/2020,Ethiopia,12/10/2018,2256,SCBGU3ZA0FC293960,boeing,3,20
6384677598,Brazil,11/14/2020,United States,11/16/2018,1701,1N4AB7AP5DN025817,airbus,2,20
7517872257,Portugal,7/24/2019,Poland,8/24/2019,1293,WDDHF7GB1EA580318,boeing,3,20
1780294484,China,3/3/2019,Iraq,11/29/2018,1648,KNAFK4A67E5803992,airbus,2,20
5306901891,Russia,4/16/2019,Russia,5/14/2019,1767,WAUUFAFH7AN744683,airbus,3,20
7239564169,China,5/8/2019,United States,11/26/2018,1560,1GYS4BEF2ER834807,airbus,3,20
4639440006,China,3/31/2020,Niger,6/13/2019,2306,WBAUT93529A079051,boeing,1,20
9566437749,Sweden,11/8/2018,China,11/21/2018,1349,3C63DPAL4CG439423,boeing,1,20
3896387472,Indonesia,11/14/2018,Indonesia,6/27/2019,2380,WDDEJ7GB4AA795655,boeing,3,20
1751179478,Japan,2/1/2019,Poland,6/20/2019,2764,SCBZB25E42C339236,boeing,1,20
4288992028,Togo,4/1/2020,Peru,8/19/2019,1011,19UUA765X7A121439,airbus,1,20
7092277086,Czech Republic,3/29/2019,China,3/24/2019,2453,WDDGF4HB2DA429009,airbus,3,20
4176545291,Cuba,5/16/2019,Peru,8/11/2019,2322,WAUSH78E88A821201,airbus,3,20
9330746934,Greece,6/19/2020,Norway,12/31/2018,1015,1NXBU4EE9AZ591802,airbus,3,20
1335919570,Philippines,6/27/2020,Greece,4/15/2019,1895,WBA3R5C55EF540582,airbus,3,20
3254816129,Indonesia,6/10/2020,Indonesia,8/1/2019,2356,1G6AM5SX2E0361403,boeing,1,20
6754025549,Philippines,6/3/2019,Japan,5/22/2019,1152,WAUVT68E45A048020,airbus,1,20
2689945126,Portugal,10/7/2019,Brazil,10/6/2018,2946,WAUAF78E07A634437,boeing,3,20
0682973564,China,12/9/2019,Norway,3/23/2019,1188,SCFFDCCD0CG751109,airbus,1,20
2238611363,Russia,4/1/2020,Netherlands,5/14/2019,1619,1GD21ZCG5CZ082807,boeing,3,20
1325664243,South Sudan,11/3/2019,Brazil,10/2/2018,1871,1GYS3CEFXCR717241,airbus,1,20
2030656585,China,9/10/2019,China,3/25/2019,2682,2B3CK2CV0AH232221,boeing,2,20
3061693181,Russia,8/14/2019,China,6/7/2019,1923,3GYFNFE39CS749369,boeing,2,20
1342216660,Nepal,9/12/2020,Slovenia,5/23/2019,1077,JA32U2FU5FU187433,airbus,2,20
0478236565,Brazil,4/30/2020,Costa Rica,8/11/2019,2951,KMHTC6AD7FU077454,boeing,3,20
6814197812,Equatorial Guinea,11/13/2019,Sweden,4/10/2019,2268,1FAHP2D83EG159108,airbus,1,20
4976898792,Russia,11/24/2019,Russia,10/16/2018,1997,3N6CM0KN9FK036150,boeing,2,20
5876892017,Indonesia,7/27/2019,Afghanistan,4/9/2019,1822,JA32X8HW4EU211521,airbus,3,20
7813343212,China,7/5/2020,Philippines,1/4/2019,1611,1GYS4JKJ5FR230463,airbus,2,20
6249814728,China,3/28/2020,China,6/5/2019,2466,KMHEC4A40DA734235,boeing,3,20
8236400069,Indonesia,7/30/2019,Cuba,4/22/2019,2979,SCBZB25E62C917823,airbus,3,20
0865961956,China,11/27/2019,North Korea,3/8/2019,1655,3D73Y4EL8BG864802,airbus,2,20
5645915224,Nepal,10/13/2019,Canada,12/4/2018,1974,WAULT68E82A186498,airbus,3,20
1736858815,Philippines,8/24/2019,Trinidad and Tobago,7/6/2019,2707,JTDKDTB36E1220735,boeing,3,20
9007408615,Colombia,12/27/2018,Philippines,1/23/2019,1840,WBA3B3C59FF211829,boeing,3,20
7980601483,South Africa,11/25/2020,Brazil,8/24/2019,1234,JN8AZ2KR0AT291931,boeing,2,20
2240101555,Netherlands,5/3/2019,Brazil,8/13/2019,2693,2T1BPRHE7EC189767,boeing,3,20
8920447829,Indonesia,9/2/2020,Japan,2/26/2019,1221,JN1CV6AP2AM461498,airbus,3,20
5457703703,China,10/21/2019,Albania,11/16/2018,1015,1GD12XEG5FF354093,airbus,3,20
0062680579,Portugal,7/9/2020,Russia,4/14/2019,1634,2G4GP5EX2F9738499,boeing,1,20
6087310304,Czech Republic,6/12/2019,Sweden,6/1/2019,1357,1G4HR54K734305697,boeing,3,20
3386312268,China,9/14/2020,Poland,9/14/2019,2470,4T1BF3EKXAU590331,boeing,3,20
4787569635,Japan,9/4/2020,Portugal,10/20/2018,2337,JTDKTUD3XED439377,airbus,1,20
3476900215,Indonesia,7/26/2019,Philippines,5/10/2019,2461,5NPET4ACXAH496863,airbus,3,20
2933174553,Croatia,11/12/2020,South Africa,9/2/2019,1756,5N1AN0NW8FN708006,boeing,3,20
5699568387,China,11/11/2019,United States,7/25/2019,2590,5N1AR2MM6FC313897,boeing,2,20
8696975022,Afghanistan,2/6/2019,Poland,12/6/2018,1392,2T2BK1BA7EC476494,boeing,2,20
9159063092,Yemen,7/10/2019,Costa Rica,4/12/2019,2223,JH4DC53852C497280,boeing,1,20
1503885631,China,10/3/2020,Ukraine,7/23/2019,1954,3C63D2EL0CG259188,boeing,1,20
3826250176,Colombia,2/17/2019,Equatorial Guinea,9/11/2019,1281,WAUSH98E67A460254,boeing,3,20
7015623692,Spain,5/26/2019,China,7/1/2019,1268,5N1AN0NUXAC654176,airbus,3,20
9780523707,Indonesia,3/19/2020,Japan,6/17/2019,1348,SALVP2BG0FH956721,airbus,1,20
2260389651,Nigeria,11/18/2018,Philippines,12/10/2018,1406,2C3CDYCJ0CH903452,airbus,3,20
0898179181,Portugal,10/28/2020,Kenya,6/25/2019,1186,1FTSW2B55AE552770,boeing,1,20
4256276521,China,8/31/2020,China,7/12/2019,2023,WBAEP33453P045591,boeing,3,20
6684840044,Peru,4/26/2020,Japan,9/27/2019,2126,1N4AL2AP5BN249716,airbus,2,20
4714389181,Russia,11/11/2020,Brazil,1/17/2019,1460,WAURVAFA1AN489749,airbus,2,20
8797461288,Iran,7/22/2020,Mongolia,2/22/2019,2766,WAUMFBFL9BN964399,boeing,2,20
5673186932,China,7/23/2020,Poland,5/3/2019,2336,1GYS4CEF3DR928750,boeing,3,20
1485408210,France,12/11/2018,France,7/2/2019,2331,SCFBB04B67G003180,airbus,1,20
3216979032,France,9/2/2019,Cuba,8/13/2019,1134,JH4NA21691T721840,airbus,2,20
6001477639,China,5/3/2019,Brazil,2/13/2019,1443,2V4RW3D15AR258411,boeing,2,20
5392857442,Ireland,11/19/2020,Norway,5/16/2019,2320,1FTEW1CM5EF046563,boeing,2,20
4405877998,China,12/30/2019,France,3/5/2019,2397,1GYFK13299R704983,airbus,3,20
4092123159,Yemen,4/27/2020,Poland,5/31/2019,1004,1FMCU4K33BK507345,airbus,3,20
5414626154,Indonesia,12/23/2018,China,2/3/2019,1587,1FTMF1EW8AF139145,airbus,1,20
3663756335,Russia,4/2/2020,Honduras,3/9/2019,1008,5N1AN0NU0CC433799,airbus,2,20
3789508160,Tanzania,7/18/2019,Sweden,7/9/2019,1359,2FMDK3AK8EB900222,airbus,3,20
2088791604,Philippines,3/18/2020,China,1/15/2019,2424,SALAG2D44BA444108,boeing,3,20
9438145710,Russia,5/1/2020,France,7/10/2019,2771,WA1AGBFE4CD135522,airbus,1,20
4971517286,Russia,1/19/2020,Argentina,3/16/2019,2214,WAUKFAFL4CN155394,airbus,2,20
5136436689,Russia,10/3/2019,Canada,11/6/2018,2548,1GD22ZCG2DZ969991,boeing,1,20
1356183301,Yemen,11/21/2018,China,8/16/2019,2490,1N6AA0EJ9FN709778,boeing,3,20
2745799924,China,7/21/2019,China,6/7/2019,1900,WAUXU54B13N568628,airbus,2,20
3587331472,Indonesia,8/4/2019,China,4/18/2019,1589,1GYFK26299R618994,boeing,2,20
1276425740,Indonesia,11/2/2020,China,8/31/2019,2557,WA1CGAFE8DD856429,airbus,2,20
4383130429,Indonesia,12/4/2019,Niger,8/29/2019,2284,WAUAH78E97A275258,airbus,2,20
6759044541,Indonesia,5/24/2019,Ivory Coast,10/28/2018,2969,SCBBR53W56C701199,boeing,3,20
9717508046,Russia,4/29/2020,United States,10/12/2018,2305,4JGBF2FE5CA504172,airbus,1,20
8682095920,Benin,8/5/2019,Philippines,8/21/2019,2381,WVWAW7AH2BV360408,airbus,1,20
6769586320,Sierra Leone,9/12/2020,Egypt,5/22/2019,2697,1FTEW1CF7FF547859,boeing,2,20
1258335743,Philippines,4/13/2019,Guatemala,2/10/2019,1314,1GTN1UEH0EZ398905,boeing,1,20
7148598664,Croatia,4/13/2019,Ireland,2/2/2019,2449,2C4RDGBG6DR122890,boeing,2,20
2022774906,Indonesia,7/27/2019,Ukraine,7/8/2019,2675,2G4WS52J821393689,boeing,1,20
2684963916,Russia,6/12/2019,China,1/8/2019,1114,SAJWA1C77D8608564,boeing,3,20
8549827614,Slovenia,6/23/2020,Indonesia,5/30/2019,2464,1G6DH8EGXA0419993,airbus,3,20
3482455414,Philippines,10/30/2018,Russia,9/13/2019,1874,1G6DM1ED0B0168024,airbus,2,20
4606934794,China,1/23/2020,Portugal,9/28/2019,2509,2B3CJ5DT1AH591711,airbus,3,20
0475354028,Poland,1/27/2019,Pakistan,5/27/2019,2097,1FMCU0C73CK759530,airbus,1,20
2206559412,China,12/21/2018,Indonesia,1/11/2019,1069,WAUCVAFR6AA801969,boeing,1,20
8241184824,Indonesia,8/5/2020,China,3/18/2019,2417,WA1YD64B42N790330,boeing,2,20
6279965171,Philippines,5/31/2019,Russia,5/4/2019,1240,WBAGN834X4D643805,airbus,1,20
2939069859,Armenia,8/6/2019,Sweden,3/4/2019,2536,WBAEW53422P913169,airbus,3,20
6543685158,Brazil,1/19/2019,Cameroon,11/14/2018,1741,KMHTC6AD5CU456223,airbus,3,20
6350612043,Iran,3/5/2020,Russia,10/19/2018,2607,WBA5B3C55ED316757,airbus,3,20
8329079295,China,12/2/2019,Portugal,4/6/2019,1196,SCBCR73W39C146595,boeing,2,20
8340906208,South Africa,6/6/2020,Brazil,3/1/2019,1650,WAUBT48H55K923424,boeing,1,20
7633399961,Czech Republic,12/26/2018,Malaysia,7/20/2019,1323,WBAYA8C54FG743313,boeing,3,20
4891659963,Ecuador,7/27/2019,Germany,6/23/2019,2562,3C3CFFAR4DT101986,boeing,1,20
6018936631,Russia,10/12/2018,Russia,2/12/2019,1367,1N6AA0CJ3EN047536,boeing,1,20
0546022022,Vietnam,10/17/2018,Philippines,4/7/2019,2179,1GYS3AEF5DR442190,boeing,1,20
3993721489,China,8/2/2019,Zambia,10/3/2018,2351,JH4CL95946C924558,airbus,1,20
2329776683,Myanmar,9/29/2019,Canada,7/15/2019,2299,WBAYF4C56FG114176,airbus,3,20
2624444793,Indonesia,12/9/2018,Russia,2/15/2019,2835,JN1CV6FEXBM516210,boeing,3,20
0004505565,Philippines,8/20/2019,Ukraine,2/22/2019,2269,WAUWMAFC9FN887015,airbus,3,20
8689486526,Portugal,3/21/2020,Serbia,3/22/2019,2622,WBAKF3C59DJ757170,airbus,3,20
3923609906,El Salvador,8/15/2019,Mongolia,11/2/2018,2555,5FRYD3H66FB147692,airbus,3,20
3417884918,Armenia,1/22/2019,Brazil,5/8/2019,1457,3D73M4CL4BG094791,boeing,1,20
5064458460,Canada,10/9/2018,China,4/17/2019,2215,WBADT53402C868518,boeing,3,20
4601170621,Palestinian Territory,2/17/2019,Honduras,1/19/2019,1109,1FMJK1H52CE901228,boeing,3,20
2584494035,China,1/20/2019,China,2/25/2019,1174,WBANF33507B933471,airbus,3,20
1125717726,Cuba,7/26/2019,South Korea,12/9/2018,2214,5XYKT3A17BG765230,airbus,2,20
8105823543,Poland,9/15/2019,China,7/14/2019,2896,4USBT33424L043317,boeing,1,20
1980948550,South Africa,7/7/2019,Indonesia,11/8/2018,1263,SCFHDDBT0EG292786,airbus,3,20
3197140869,Argentina,7/4/2019,China,2/20/2019,1523,1FTWW3CY5AE865382,boeing,2,20
9285873561,China,7/17/2020,Canada,10/8/2018,2946,SCFAD02A85G175577,boeing,2,20
0122482840,Mexico,6/9/2019,Indonesia,6/21/2019,2589,WAUDF48H99K058012,airbus,1,20
5304128346,China,11/7/2019,Indonesia,10/30/2018,2545,1N6AF0KYXEN408650,boeing,3,20
7328697695,Honduras,6/7/2019,China,7/12/2019,1690,1G6AY5SX1E0370176,boeing,3,20
6378879281,Sweden,1/23/2019,France,11/14/2018,2923,WBA3T1C5XEP069551,boeing,2,20
3028288532,Philippines,7/10/2019,South Korea,9/11/2019,1693,WAUJT58E92A182607,airbus,2,20
7433468242,Greece,3/6/2019,Brazil,7/2/2019,2581,WA1LGAFE6DD595365,airbus,2,20
4760811516,China,2/28/2019,Costa Rica,11/8/2018,1365,WAUVT68E82A908450,airbus,3,20
6005121359,Ireland,12/3/2018,Portugal,9/7/2019,2467,WAUSG74F29N587097,boeing,1,20
7554720384,Uganda,12/16/2018,China,9/1/2019,2522,WDDEJ7EB1BA488819,airbus,3,20
8569059035,China,10/19/2020,Denmark,11/29/2018,1961,2HNYD2H24DH503325,airbus,1,20
0799011924,China,12/21/2019,Thailand,4/16/2019,2195,JHMFA3F23BS387585,boeing,1,20
8998717069,Indonesia,11/16/2020,China,10/7/2018,2933,SCBCR73W59C196351,airbus,2,20
3931163598,China,2/21/2019,Finland,2/28/2019,2587,SALGS2TF4FA197562,boeing,2,20
5725882330,Indonesia,10/13/2018,Philippines,8/18/2019,2222,5FPYK1F57EB117614,airbus,2,20
4075884554,Russia,1/2/2020,Indonesia,1/4/2019,2983,YV1612FH9D2038198,airbus,3,20
3993708199,China,2/22/2020,United States,8/13/2019,1665,WAUEG98EX6A049101,airbus,2,20
5501968754,Argentina,9/21/2019,China,8/7/2019,1649,WAU3FAFR5CA684286,boeing,1,20
6312041581,Croatia,4/13/2020,Philippines,3/10/2019,1470,1GYS3AKJ9FR449249,boeing,3,20
1575863030,Tunisia,10/30/2019,Madagascar,4/15/2019,2285,WA1LGBFE4CD661402,boeing,1,20
0874995086,China,5/23/2020,Poland,8/17/2019,1509,KNAGG4A83A5974725,boeing,1,20
4693059420,France,4/10/2019,Indonesia,1/19/2019,2448,KMHGH4JH9DU378685,boeing,2,20
2393028226,Serbia,8/1/2019,Brazil,4/27/2019,2235,WAUDGBFL0DA187716,airbus,3,20
8499849008,Indonesia,12/15/2018,United States,7/27/2019,1679,WAUPL58E15A022672,boeing,3,20
5337933558,Russia,1/11/2019,Indonesia,9/18/2019,1437,YV4940BZ2D1212161,airbus,3,20
3395805883,Greece,5/18/2020,Venezuela,2/15/2019,2106,4USDU53508L822585,airbus,1,20
1019285516,Indonesia,11/10/2020,Indonesia,5/2/2019,1562,3D7LT2ET9BG334633,boeing,3,20
4683532875,Brazil,8/9/2020,France,1/16/2019,1251,WUAW2BFC0FN765922,boeing,3,20
8391943852,Portugal,12/22/2018,Philippines,1/18/2019,2862,WAUUFAFH0DN721945,boeing,3,20
9632682386,Greece,8/5/2019,France,7/12/2019,2079,WBAVM5C5XDV113569,airbus,1,20
7910906765,Indonesia,3/9/2019,Brazil,8/18/2019,1998,WAUMV94E59N731971,boeing,1,20
1720001685,China,5/12/2019,China,5/31/2019,1578,1GYFC23219R946525,boeing,1,20
0916871851,Czech Republic,5/7/2019,China,9/11/2019,2308,1FTEW1CF0FK830420,boeing,2,20
6882171432,Indonesia,8/15/2020,China,10/1/2018,1184,3FADP0L39BR017892,airbus,3,20
9558972762,Thailand,11/16/2018,China,10/27/2018,2246,3D73Y4CL0BG628888,airbus,1,20
1927701805,China,2/16/2020,Guatemala,4/18/2019,1818,WBAWL73539P811035,boeing,3,20
6566813845,North Korea,2/12/2020,Indonesia,10/27/2018,2166,WUAW2BFC6EN492662,airbus,1,20
5805511355,Paraguay,6/20/2020,Philippines,1/5/2019,2772,JTDKTUD38ED646298,boeing,3,20
2877523756,Nigeria,2/27/2019,France,6/15/2019,2587,SCFHDDBT0EG826398,boeing,2,20
9091734760,China,5/1/2019,Sweden,2/3/2019,1231,WAUDFAFL9AN387401,airbus,1,20
7506395541,United Kingdom,1/22/2020,China,7/19/2019,1422,JN8AF5MR2DT165601,airbus,3,20
7331298631,Nepal,12/24/2019,United States,2/5/2019,1558,2HNYD2H38CH934063,boeing,1,20
4624055489,Austria,7/20/2019,China,2/13/2019,2208,JTHBK1GG3F2527957,boeing,1,20
2026473773,Kenya,12/16/2018,Syria,6/19/2019,2570,WAULT68E55A245155,boeing,3,20
4125678782,Sweden,11/7/2020,Ukraine,12/7/2018,2366,2C3CDXEJ2CH731819,boeing,3,20
5785352346,Sweden,1/21/2019,Guatemala,12/19/2018,1239,WVGEG9BP4DD623440,airbus,1,20
2685967850,China,6/21/2019,Russia,6/12/2019,2604,1D7RV1GP1AS540633,airbus,2,20
6492468082,Poland,8/4/2020,China,9/22/2019,1168,1D7RB1CP3BS697967,airbus,3,20
1350822132,Bangladesh,9/7/2019,China,8/8/2019,1225,WVWBB7AJ5DW686476,boeing,1,20
6518549378,Poland,7/6/2020,China,8/18/2019,1105,WAURVAFD9BN502209,boeing,1,20
1393561152,China,11/21/2019,Ireland,3/23/2019,2114,2C4RDGDGXCR457758,boeing,1,20
4083364033,Portugal,7/27/2019,Russia,8/10/2019,1499,1GD422CG2EF562921,airbus,3,20
3974453830,Indonesia,11/9/2019,China,3/18/2019,2409,4T1BK3DB9BU845615,boeing,2,20
9918610921,Czech Republic,3/9/2019,Japan,8/24/2019,1787,5YMGZ0C59DL372718,airbus,1,20
8320733103,Ukraine,12/4/2019,Venezuela,4/16/2019,2567,2B3CK3CV6AH564895,airbus,2,20
2326453115,Poland,2/15/2020,Brazil,11/16/2018,2838,W04GN5EC5B1466272,airbus,2,20
4012139983,Norway,12/13/2019,Philippines,8/14/2019,1857,1GYS4EEJ2CR102583,airbus,3,20
5148849797,Indonesia,3/7/2019,Indonesia,11/3/2018,1519,KL4CJASB4EB016772,airbus,3,20
7516448486,China,6/16/2020,China,1/17/2019,2275,4T1BF1FK2EU087997,airbus,2,20
4877620389,Greece,9/13/2019,Canada,3/30/2019,2640,WUARL48H89K153939,airbus,1,20
9689802526,China,2/2/2019,China,6/22/2019,1241,JTEBU4BF7DK996506,airbus,2,20
1221629859,Bolivia,10/20/2019,Libya,8/25/2019,2134,1GD220CG9CZ470423,boeing,1,20
8631202916,Indonesia,2/4/2019,Croatia,7/20/2019,1764,1GD120EG9BF397773,airbus,1,20
0691103984,Japan,8/12/2020,Pakistan,11/27/2018,1914,JHMZE2H72ES702207,boeing,2,20
1684089212,Armenia,2/15/2020,China,10/2/2018,1670,WAUDG94F05N991594,airbus,1,20
4511273138,Argentina,10/16/2020,Ukraine,12/18/2018,1989,JN8AF5MR0DT887696,boeing,2,20
2866799836,China,4/10/2020,Poland,8/14/2019,2389,JN8AZ2ND2F9495831,airbus,2,20
8191298376,Malaysia,7/2/2019,Czech Republic,12/15/2018,1619,19UYA42603A890069,boeing,2,20
6902669082,Greenland,12/22/2018,Indonesia,7/11/2019,1685,1FTMF1CW7AK542463,airbus,3,20
4085465422,Russia,4/4/2019,France,3/22/2019,2804,WAUFEBFM0CA190573,airbus,1,20
9768738030,Colombia,5/10/2019,United States,4/23/2019,2844,WAUXL68E94A006112,airbus,2,20
5435986478,Indonesia,5/19/2019,Greece,12/21/2018,2499,1FTSX2B59AE767016,airbus,2,20
4993365357,Philippines,11/10/2020,Vietnam,3/16/2019,1172,SCBLC47JX9C497440,airbus,2,20
6573710886,Indonesia,10/4/2019,Ireland,12/14/2018,2824,1G6KD57Y88U130248,airbus,3,20
2762578922,Portugal,5/6/2019,Philippines,1/17/2019,2602,JHMZF1C6XCS187248,airbus,3,20
4810061914,Czech Republic,10/3/2018,Indonesia,3/22/2019,1869,SAJWA2GT1EM064018,airbus,3,20
3442556791,United States,4/6/2020,Azerbaijan,1/19/2019,1445,JN1CV6FE6BM874663,airbus,1,20
3871311774,Nigeria,6/2/2019,South Africa,3/23/2019,2770,3MZBM1K74EM649993,boeing,2,20
8433115502,Russia,10/5/2019,Peru,6/29/2019,1097,JM3TB2CA4D0631788,boeing,2,20
1581602227,Serbia,5/3/2019,Philippines,2/19/2019,2869,SCBFT7ZA5FC183377,boeing,3,20
4116848220,Brazil,1/10/2020,Democratic Republic of the Congo,11/15/2018,2815,5TFBY5F15AX871564,airbus,1,20
6970286215,China,5/9/2020,Philippines,3/8/2019,1716,1GT3CZBGXAF889472,boeing,1,20
6141661548,United States,6/9/2019,Burkina Faso,5/27/2019,1726,WAUKFBFL2CN048723,boeing,3,20
3587155003,Bahamas,11/3/2020,Morocco,6/27/2019,1542,JN8AE2KP5C9398466,airbus,3,20
6642235126,China,11/5/2018,Indonesia,8/31/2019,1363,WAUKF98EX8A665891,boeing,1,20
2779111348,Indonesia,7/3/2019,Ukraine,2/25/2019,2628,1FTEW1E81AK419423,airbus,3,20
8892547127,Russia,12/20/2019,France,2/25/2019,2951,WAUPL68E44A175549,boeing,3,20
5661086547,Indonesia,7/16/2019,France,2/7/2019,2460,WAUED54B11N831009,boeing,3,20
8420314838,China,6/2/2019,Brazil,10/1/2018,1945,WBSWL93519P711989,boeing,2,20
1745950346,Syria,1/15/2019,China,11/3/2018,1458,WBAPK7C51BA244596,boeing,1,20
0752162330,China,4/20/2019,Japan,4/28/2019,1652,WAUDFAFC8DN136020,airbus,1,20
0910915474,Greece,2/5/2019,Pakistan,9/2/2019,1739,KNAFU6A23D5191601,airbus,1,20
7042524926,United States,5/22/2019,Iran,12/24/2018,2896,WVWGU7AN5CE830129,boeing,2,20
3072388288,Nigeria,8/25/2019,Indonesia,7/15/2019,2572,JH4KB2F52BC349226,airbus,3,20
4197762976,Peru,10/24/2019,Russia,9/15/2019,1392,SALWR2VF7FA610045,airbus,2,20
9376179439,United States,6/1/2020,South Africa,9/17/2019,2773,5UXFE835X8L769440,boeing,1,20
8824662684,China,3/6/2019,Vietnam,12/21/2018,1306,5N1AR2MM8FC110333,airbus,1,20
6078426583,Greece,4/16/2019,Portugal,12/15/2018,2174,2G4WD562X51083948,airbus,1,20
2348189232,Indonesia,1/11/2020,Mexico,8/31/2019,1180,3N1AB6AP0BL734370,boeing,2,20
1210154099,China,10/7/2020,China,12/4/2018,1627,WVGAV7AX0CW021969,boeing,1,20
1205571132,Japan,5/3/2019,China,5/25/2019,1868,1FTEX1CM5DF393225,airbus,2,20
7218945554,Nigeria,10/11/2018,China,12/24/2018,1120,WBAEV53422K855760,airbus,3,20
4140151153,China,7/30/2020,Sweden,10/9/2018,1341,3D4PH9FG4BT150167,airbus,1,20
0274862972,China,5/27/2020,Zimbabwe,3/4/2019,1968,2T3BF4DVXCW242346,boeing,3,20
6241456946,Philippines,7/5/2020,China,2/5/2019,1761,JTHBK1GG1D2216086,boeing,1,20
6149402819,Indonesia,1/17/2020,Mexico,6/30/2019,1567,WAUHF98P07A714879,boeing,2,20
6812728284,Colombia,11/20/2018,Pakistan,3/20/2019,2321,1N4AA5AP6DC160744,airbus,1,20
4226756193,Azerbaijan,9/18/2019,China,5/14/2019,1115,WBAFV3C5XFD969582,boeing,2,20
5181043623,Portugal,9/27/2020,Philippines,4/12/2019,2298,3VWPG3AG6AM725721,boeing,3,20
8804574674,Canada,2/1/2020,Poland,7/4/2019,2957,1N6AF0LX3FN273096,airbus,2,20
1780046065,China,7/18/2019,China,9/19/2019,1727,19XFB2E57DE549079,boeing,2,20
7554386212,China,3/6/2019,Brazil,3/23/2019,2044,WAUFFAFL7CA442611,airbus,3,20
7936011048,Philippines,3/15/2020,Greece,8/3/2019,2643,1G6DL5ED5B0609463,airbus,2,20
0855912936,Kazakhstan,9/25/2019,Indonesia,2/3/2019,2958,1FTSE3EL6AD477067,boeing,1,20
5787357442,Uganda,11/29/2018,Sweden,11/28/2018,2742,WBS3U9C55FJ743004,airbus,3,20
5109800936,China,5/3/2019,Portugal,1/2/2019,1040,3N1AB7AP6FY326499,airbus,1,20
8449138914,Peru,12/4/2019,China,9/7/2019,2535,JTHKD5BH3B2670130,airbus,3,20
3349231128,China,8/19/2019,Russia,8/1/2019,2368,2HNYD28698H046505,airbus,3,20
8399911275,Ukraine,9/3/2019,Palestinian Territory,6/26/2019,2743,3VWF17AT9FM738374,airbus,1,20
2918581860,France,9/27/2020,China,8/21/2019,1951,WAUFEBFM2BA582470,airbus,1,20
9214548498,Argentina,1/3/2019,Guatemala,4/29/2019,2964,SCBDC4BL3AC846519,boeing,2,20
1125456124,Indonesia,3/7/2019,Indonesia,7/11/2019,1997,JH4CL95915C418474,airbus,1,20
2515830080,China,8/11/2019,Norway,9/2/2019,1987,1G6DJ5EY8B0440726,boeing,1,20
9346819537,Czech Republic,7/14/2020,Thailand,1/5/2019,2797,WVWAP7AN4EE078620,boeing,1,20
6425554398,Taiwan,11/1/2019,Zimbabwe,8/3/2019,2523,WAUML64B82N387522,airbus,3,20
1068549076,China,7/19/2019,Azerbaijan,12/7/2018,1103,WAUKFAFL6EA211037,airbus,1,20
4389385380,Indonesia,3/12/2019,Indonesia,4/5/2019,1437,3VWJX7AJXAM555405,boeing,2,20
2684188475,Pakistan,9/4/2019,Argentina,11/26/2018,1223,1D7RE3BK2AS393438,airbus,2,20
0163330166,China,7/11/2020,Colombia,7/25/2019,2626,1G4GE5G31FF181012,airbus,3,20
8981045402,China,8/29/2019,Poland,10/9/2018,1061,JM3TB2MA4A0774976,boeing,2,20
4443484973,South Korea,7/25/2020,China,1/19/2019,2863,3D4PG3FG9BT018876,boeing,2,20
2124016172,Argentina,4/9/2019,Poland,2/18/2019,1691,3D7TT2HTXBG499893,boeing,3,20
2230465058,Philippines,4/3/2019,Thailand,11/7/2018,2090,WAUBFAFL3EA040974,airbus,2,20
7467498721,China,12/19/2019,China,3/21/2019,2925,WAUDH78EX8A496267,boeing,1,20
4326884681,United States,1/23/2019,Cuba,2/24/2019,1320,WAUWFBFL8BA183406,boeing,2,20
8807172372,Nicaragua,11/3/2020,Brazil,9/25/2019,1352,WAUJT58E03A197630,boeing,2,20
9113902652,Philippines,10/26/2019,Peru,10/15/2018,2121,2B3CM5CTXBH301508,airbus,2,20
1907907491,China,7/18/2019,Yemen,10/24/2018,1637,WBAWL7C59AP236685,boeing,2,20
0221642536,Portugal,10/12/2018,Pakistan,9/16/2019,1996,1FMCU4K33CK938978,airbus,2,20
1758621990,Australia,7/15/2019,Brazil,3/11/2019,1700,WAUKF78E67A278158,airbus,1,20
5150327360,Chad,1/8/2019,Iceland,5/10/2019,1190,1N6AF0KY6EN558903,boeing,3,20
0403746752,China,9/12/2020,Palestinian Territory,11/24/2018,2493,1VWAS7A38FC236416,boeing,3,20
4315478245,Czech Republic,12/17/2018,Comoros,8/12/2019,1268,1FTEW1C84AK852608,boeing,2,20
4949224220,Serbia,8/9/2019,Croatia,11/24/2018,2992,1FTMF1CW7AF526451,boeing,1,20
8638037635,Indonesia,8/22/2020,Philippines,8/2/2019,2473,WVWED7AJ8BW981740,airbus,1,20
1986363333,France,10/7/2020,France,8/5/2019,2006,JHMGE8G29AC986410,airbus,1,20
5244951572,Colombia,8/26/2020,Philippines,4/3/2019,1915,1G4GE5G31EF392645,airbus,1,20
7055801494,China,1/4/2020,Venezuela,11/12/2018,1517,5FRYD3H61EB710632,boeing,3,20
1021236519,Sweden,1/19/2019,Poland,7/5/2019,2326,3D7TT2CT2BG059139,boeing,2,20
5788448816,Greece,6/5/2020,South Korea,12/14/2018,2372,JH4DC53876S903359,boeing,1,20
2243309963,Indonesia,7/17/2019,China,10/2/2018,2918,JN1AZ4FH9FM754937,boeing,3,20
0813421705,Egypt,2/26/2020,Guadeloupe,5/3/2019,2867,KNAFU6A26B5285582,airbus,2,20
6947519748,Poland,11/26/2018,Bosnia and Herzegovina,9/8/2019,2730,WAUJC68E25A121769,boeing,1,20
9347025542,Philippines,7/12/2019,France,6/20/2019,2588,19VDE3F37EE513887,boeing,1,20
8019970843,Colombia,3/24/2019,Indonesia,6/21/2019,2941,WAUJFAFH5CN208269,boeing,3,20
7665788661,China,10/3/2018,Indonesia,7/30/2019,1617,5N1AR2MM8FC288615,airbus,2,20
3371844072,China,6/10/2019,Indonesia,4/18/2019,1356,2T1KE4EE6CC221182,airbus,2,20
3066924645,Thailand,8/4/2020,Philippines,4/23/2019,2360,SCFFDCBD6BG128416,boeing,2,20
4566831949,Vietnam,9/11/2019,China,7/5/2019,2342,5XYKT3A17BG852691,airbus,1,20
7240874079,United States,6/30/2020,United States,8/16/2019,2332,WBAUP93559V513539,boeing,1,20
9954496335,Indonesia,8/26/2020,China,12/28/2018,2584,1C4RJEAG7FC028477,boeing,3,20
0775972010,Cuba,11/28/2018,Indonesia,7/27/2019,1854,1FT7W2A61EE089869,boeing,1,20
6400679626,Portugal,6/2/2019,Kuwait,12/23/2018,2945,JM1NC2JF1D0403597,airbus,2,20
8110134416,China,11/9/2020,Czech Republic,4/29/2019,2517,5N1AR1NB9BC417012,boeing,2,20
5309350284,Philippines,3/14/2020,Poland,9/27/2019,2383,JTDBT4K33CL609553,airbus,2,20
2429862158,China,6/2/2020,Mauritius,10/12/2018,2237,1N4AA5AP4BC039160,airbus,3,20
4475418275,Indonesia,4/4/2019,Dominican Republic,7/24/2019,1338,5J8TB3H33GL249653,boeing,2,20
8626048173,Philippines,11/23/2018,Tajikistan,7/19/2019,1179,WUAUUAFG8CN614823,boeing,1,20
0815974256,Portugal,2/7/2019,Russia,1/16/2019,2875,SCFEBBBK3BG920503,boeing,3,20
9863609846,China,5/14/2019,Venezuela,12/3/2018,1655,1N6AD0CW6EN834502,airbus,3,20
4728866629,Indonesia,9/20/2020,Belgium,4/4/2019,1628,WAUBH78E97A292758,boeing,3,20
1735969664,Mali,4/25/2019,Yemen,3/2/2019,2252,WBAKA8C56AC628296,boeing,1,20
3207107419,Norway,6/8/2019,Belarus,6/10/2019,1400,3D7TP2CT9BG686974,boeing,1,20
8106480410,Indonesia,11/22/2018,France,3/21/2019,1100,WAUEF48HX8K047426,boeing,2,20
2713853354,Czech Republic,8/1/2020,Zimbabwe,2/8/2019,2901,WAUDF68E35A191852,airbus,1,20
3159074927,Latvia,3/22/2020,Czech Republic,8/19/2019,2054,WBA3T3C53FP770607,boeing,3,20
6168320024,South Africa,2/8/2019,Brazil,8/12/2019,1169,SCFHDDAJ1CA447944,boeing,3,20
7538669566,China,3/9/2020,Indonesia,5/24/2019,2052,WBAPM73519E516528,boeing,3,20
6777985670,Philippines,8/21/2020,China,1/9/2019,2041,WAUDFBFL4AN372603,boeing,1,20
7603778611,Sweden,4/9/2020,France,10/1/2018,1544,3C63D3NL0CG106770,airbus,2,20
7296208732,China,5/23/2020,Kosovo,2/14/2019,2088,1N4AB7AP8EN749065,boeing,1,20
4110886791,Colombia,4/11/2020,Cuba,3/11/2019,1192,3D7TT2HT0AG366039,airbus,1,20
9182428557,Sweden,1/13/2020,China,7/18/2019,2569,WBAYM9C5XED680201,airbus,3,20
0453338003,Ukraine,6/26/2019,Uganda,4/11/2019,2642,KMHCT4AE0EU828325,boeing,3,20
3594451283,Madagascar,7/12/2019,China,6/10/2019,1676,1N4AL2AP8BN749594,boeing,2,20
2460055188,East Timor,11/29/2020,Peru,7/1/2019,1136,1C3CC5FB1AN904300,airbus,3,20
2968038958,Poland,5/28/2019,Vietnam,8/11/2019,1000,2HNYD18855H859895,boeing,3,20
3295755914,United States,11/6/2018,Colombia,4/14/2019,2698,5N1AR2MMXFC098458,boeing,1,20
1180181379,China,12/5/2019,Sweden,6/3/2019,2760,2B3CJ4DG1BH248802,boeing,3,20
2577898711,Russia,4/7/2019,Ukraine,7/30/2019,2423,1N6BF0KX8FN453602,airbus,3,20
0304987395,Brazil,9/28/2019,Philippines,10/7/2018,1080,WAUXL58E44A096649,airbus,3,20
7168102788,China,11/17/2019,Japan,2/23/2019,2569,WBAYP1C52ED792502,boeing,1,20
8870658937,Honduras,10/14/2019,Sweden,11/15/2018,2914,WBAEN33482E678456,boeing,2,20
3959907370,Brazil,11/5/2018,Jordan,10/5/2018,1725,KNADM4A32C6696039,airbus,3,20
3517357375,New Zealand,7/26/2019,China,4/6/2019,1396,1G4GE5EV0AF696225,airbus,2,20
1351519581,China,6/10/2019,Thailand,9/11/2019,2775,KNADH4A39B6566276,airbus,3,20
3247713670,Mexico,7/29/2019,China,7/31/2019,1190,WAUHF68P46A184753,airbus,2,20
9515967880,China,9/5/2020,Ukraine,12/22/2018,2488,WAUHF68P86A203434,boeing,3,20
1814988939,Indonesia,3/27/2020,Russia,9/28/2019,1723,WAUEH54B41N970250,airbus,2,20
8930670903,Syria,11/12/2018,Philippines,1/18/2019,2077,2C3CCAAG7FH352782,boeing,1,20
4585232893,China,12/16/2019,Indonesia,4/10/2019,1529,5UXZV4C50CL402920,airbus,1,20
5766381859,Vietnam,10/9/2020,Philippines,7/26/2019,1175,1FTNF1E81AK964294,boeing,3,20
9642511878,Sweden,5/13/2020,Kazakhstan,1/10/2019,2754,WAUEF78E68A224051,airbus,1,20
8419258520,Kiribati,11/13/2019,Ecuador,8/16/2019,2332,5UXFG8C53BL895172,airbus,2,20
9121257485,Argentina,10/11/2019,Brazil,2/7/2019,2493,1GD220CG2CZ343383,boeing,3,20
2691307972,China,3/18/2020,Vietnam,3/2/2019,1186,SCBDR33WX8C540610,airbus,3,20
1793756228,Myanmar,8/11/2019,Brazil,1/11/2019,1026,SAJWA1CB5CL224640,boeing,3,20
6310805487,Sweden,10/31/2018,Indonesia,12/23/2018,2957,YV426MDA6F2802743,boeing,3,20
7804713045,Indonesia,7/5/2019,Ukraine,3/31/2019,1306,2C4RVAAG9CR284720,airbus,1,20
9510027766,Morocco,7/6/2020,Indonesia,10/12/2018,2624,2C3CDYBT2EH008387,airbus,2,20
1511723548,Brazil,8/22/2020,Guatemala,12/31/2018,2396,19UYA41723A711363,airbus,2,20
7801075471,Indonesia,9/12/2020,Brazil,2/18/2019,2938,5GALVBED2AJ294990,boeing,2,20
5087784224,Russia,6/16/2020,China,10/5/2018,1147,5FRYD3H92GB953072,boeing,2,20
2292457458,Uganda,10/15/2019,China,5/17/2019,2046,ZHWGU5BR0EL249679,boeing,1,20
5341672704,Philippines,11/9/2019,France,9/6/2019,1936,4JGBB9FB3AA710551,boeing,2,20
8197871396,Russia,2/27/2020,Indonesia,10/21/2018,1687,SCFFDCCD0CG859956,boeing,1,20
7142646071,China,7/12/2020,China,7/8/2019,1677,WAULC68E95A402380,boeing,1,20
6317501645,United States,11/17/2019,Finland,9/21/2019,2401,1FTEW1CF2FK477551,airbus,3,20
7265368983,Sweden,1/2/2019,China,8/14/2019,1068,1G4GE5ED3BF553696,boeing,3,20
7267814166,Serbia,9/19/2020,China,6/28/2019,1559,1GYFC232X9R627124,boeing,3,20
3750987637,Indonesia,1/10/2020,Sweden,3/7/2019,1357,2FMDK4AC4AB701158,boeing,2,20
6839212777,Russia,4/16/2020,Indonesia,10/27/2018,1604,19VDE1F74EE760436,airbus,2,20
2586113454,Indonesia,11/23/2019,China,12/10/2018,1851,3C4PDDDG9FT056029,boeing,2,20
1705873022,United States,8/13/2020,United States,3/6/2019,2318,WA1C8AFPXEA968876,boeing,2,20
2298800790,China,8/17/2020,Albania,9/6/2019,2987,1FTEW1CM8CK340415,boeing,3,20
9165990544,Russia,10/18/2019,Philippines,10/24/2018,1136,TRUTX28N211554789,airbus,1,20
8826797293,Brazil,4/28/2020,Russia,7/1/2019,2708,2C3CCAFJ9CH558346,boeing,3,20
7864669441,Cayman Islands,9/9/2020,Peru,9/18/2019,2647,WAUVVAFR7CA571466,airbus,1,20
6156090134,Portugal,2/1/2020,Indonesia,1/25/2019,1637,5UXFA13544L423140,boeing,2,20
5623784135,China,12/26/2019,Indonesia,9/29/2019,2862,JH4KB2F53AC667127,airbus,3,20
8736521361,Vietnam,7/16/2019,China,2/23/2019,2356,5XYKT3A18CG049289,boeing,3,20
7704162012,Jordan,8/25/2020,Yemen,5/12/2019,1978,5N1AR1NB5BC342390,boeing,3,20
9780621083,Netherlands,8/23/2019,Finland,11/15/2018,1759,WAULD64B24N302282,boeing,2,20
8254805458,Portugal,2/20/2019,Costa Rica,12/18/2018,2666,KMHFG4JG2FA558665,boeing,3,20
3371695352,China,10/10/2018,Honduras,3/18/2019,1909,5NPEB4AC1DH706452,airbus,1,20
2994501317,Syria,6/22/2020,Cameroon,12/21/2018,1687,5N1AR1NBXAC317175,boeing,2,20
2786215420,China,5/7/2020,China,7/22/2019,1624,WBANA73594B895076,airbus,3,20
7901749490,Brazil,11/23/2018,Portugal,2/17/2019,1670,3GTXCYEJXAG006407,boeing,1,20
3755273160,Poland,7/25/2020,Philippines,8/15/2019,1587,1G6KH5EY6AU402213,airbus,1,20
2225941106,Indonesia,10/3/2018,Armenia,8/8/2019,1883,WAULC58E55A500882,airbus,2,20
4530956113,Finland,10/30/2020,Georgia,7/1/2019,1470,JM1BL1L33D1413218,airbus,1,20
1177265958,China,3/5/2020,Cameroon,3/27/2019,1059,1GT020CG8EF625978,airbus,2,20
2080270532,Czech Republic,11/9/2019,United States,12/10/2018,1551,WA1CMAFP9EA321185,boeing,1,20
8471112892,South Korea,5/31/2020,France,7/11/2019,1974,1G4GC5EG5AF302807,airbus,2,20
5155500524,Indonesia,7/13/2020,Indonesia,7/20/2019,1732,WDDHF8JB9DA741687,boeing,2,20
7365503882,Netherlands,10/23/2020,Brazil,1/15/2019,1386,2V4RW3D11AR354939,airbus,2,20
8360535108,China,3/18/2020,Syria,11/27/2018,2343,5TDBK3EH9DS397794,boeing,2,20
7427059131,Brazil,6/12/2020,Bangladesh,7/21/2019,1268,1G6AK5S39F0357403,boeing,1,20
6478287432,Colombia,2/23/2020,Peru,7/16/2019,2341,2HNYD28227H071130,airbus,3,20
5305640512,Philippines,5/20/2019,Colombia,7/24/2019,1654,WAUHFAFLXDA816106,boeing,3,20
3514558043,China,5/7/2019,Indonesia,2/2/2019,1648,1HGCR2E36DA943853,boeing,3,20
9029913851,Portugal,11/7/2018,Japan,10/4/2018,1800,WBABW53436P175214,airbus,1,20
8601496849,China,11/22/2019,Russia,2/26/2019,1338,1FMCU9E73AK719348,boeing,1,20
6407768144,Indonesia,11/18/2018,Sweden,5/12/2019,2794,1G6DL5EG0A0889107,boeing,2,20
1751252213,Czech Republic,5/12/2019,China,6/6/2019,1961,1FTEW1CM6CF821840,boeing,1,20
2755508965,China,11/17/2020,China,7/29/2019,2551,WAUUL78E07A696457,airbus,1,20
6293827945,France,12/5/2018,Norway,9/24/2019,1367,KMHGH4JH0CU362292,airbus,2,20
1928333931,Canada,11/15/2018,Peru,9/23/2019,2001,1FMJK1K52AE553291,boeing,1,20
2720701963,Madagascar,8/16/2020,Poland,9/9/2019,1988,KMHCT4AE1FU569751,airbus,1,20
4841889361,France,9/1/2019,China,6/22/2019,2291,5GAKRCKDXDJ571545,boeing,3,20
4518129857,Japan,4/1/2019,China,7/7/2019,2084,1G4GG5G35CF443278,boeing,3,20
8432167460,Sweden,6/22/2020,Ukraine,3/3/2019,2873,SAJWA4EC1DM867814,boeing,2,20
0444437606,Greece,6/2/2020,China,2/13/2019,2913,WAULT54B23N946764,boeing,3,20
1008541893,China,3/15/2019,Indonesia,8/13/2019,2068,3VWML7AJ0DM094616,boeing,2,20
4404446527,Iraq,2/2/2019,Belarus,7/24/2019,1618,ZHWGU5BZ3DL976412,boeing,3,20
4484701383,Russia,11/5/2019,Thailand,12/15/2018,1376,WAUAH78E47A131357,airbus,1,20
1344734596,Peru,11/12/2020,Poland,12/22/2018,1349,WA1WGBFP0EA188200,airbus,2,20
2398070522,Pakistan,8/1/2020,Panama,9/25/2019,2623,WAUKF68E05A514018,boeing,1,20
2360910108,Russia,12/29/2019,Brazil,9/24/2019,1252,WAUAG78E86A390340,airbus,1,20
1766994466,Canada,11/27/2019,China,8/4/2019,1518,SAJWA4GB4EL491038,airbus,3,20
9702948800,Jamaica,5/21/2019,China,8/23/2019,2589,WAUFGAFC0FN076999,airbus,3,20
3590496010,Argentina,4/20/2020,Indonesia,6/19/2019,2637,JN8AS5MT3DW825425,boeing,2,20
8944228558,United States,11/2/2018,China,1/27/2019,1452,JN8AZ1MU0CW126846,airbus,2,20
6521399039,Russia,12/24/2019,China,6/5/2019,1606,WBSBR93494P324393,airbus,2,20
5644708322,Philippines,9/10/2019,Morocco,3/26/2019,2238,2C3CDYCJ9DH016398,airbus,1,20
6120117393,China,8/10/2020,Russia,10/10/2018,1606,1GD21ZCGXDZ504619,boeing,3,20
0749051078,Philippines,2/8/2019,Indonesia,8/17/2019,1667,5N1AZ2MH9FN077690,airbus,3,20
7565523461,Canada,5/7/2019,China,3/16/2019,1688,WDDHH8JB2FB664460,airbus,1,20
4953200721,Portugal,12/8/2019,Russia,3/21/2019,2346,1G6AM5S32D0427136,airbus,3,20
2366820860,Russia,7/7/2019,Czech Republic,5/11/2019,1875,1N6AD0CW0EN136886,boeing,3,20
3239246457,China,12/3/2019,Vietnam,1/11/2019,1073,3D73M3CL1AG836010,boeing,1,20
9030981164,China,5/1/2020,Spain,11/11/2018,1281,KL4CJASB2FB184475,boeing,3,20
9851563005,Ukraine,11/18/2019,Poland,2/22/2019,1820,SCBZK22E02C728119,airbus,3,20
5173432284,Colombia,6/8/2020,Vietnam,11/21/2018,2599,JN1AZ4EH1CM490464,airbus,1,20
6944185180,France,3/30/2019,Czech Republic,3/9/2019,1494,KNAFK4A68F5502777,boeing,2,20
8201562569,Tanzania,9/18/2020,Vietnam,3/27/2019,1522,SAJWA4GB3EL016383,airbus,1,20
1485456886,China,12/12/2018,Luxembourg,2/23/2019,2568,1G4CW54K254324082,airbus,1,20
7948253793,China,9/15/2019,Argentina,5/13/2019,1460,5J6TF1H59DL250014,boeing,1,20
7140485003,Ireland,6/19/2020,Bahrain,11/6/2018,1587,WAUAF98EX7A339969,airbus,2,20
9303551672,Bolivia,3/6/2019,China,4/21/2019,1064,1N6AA0EC9EN729626,airbus,2,20
3289390594,France,6/23/2020,Japan,1/9/2019,2585,WVGEF9BPXED570215,airbus,1,20
7922586671,Botswana,11/8/2019,Brazil,3/1/2019,2198,JN8AZ1MU3DW530094,airbus,1,20
4142871757,Indonesia,7/7/2020,Armenia,9/28/2019,1139,5N1AA0NE0FN684304,boeing,3,20
4311419740,Colombia,5/12/2019,China,11/28/2018,1174,WAULD64B23N380415,airbus,2,20
7279866905,Colombia,5/8/2019,Indonesia,6/12/2019,1599,JTHKD5BH3C2670663,airbus,1,20
0414457773,North Korea,5/18/2020,Thailand,12/15/2018,1687,1D7RB1CP4BS110854,airbus,3,20
5230900466,Nigeria,12/6/2018,Indonesia,5/25/2019,2016,YV126MFCXF1091968,boeing,1,20
3499165651,Poland,11/24/2020,Madagascar,1/29/2019,2050,5NPDH4AE6BH448826,boeing,3,20
2823779280,Argentina,11/11/2019,Russia,4/30/2019,1810,1GKS1GEJ7DR507418,boeing,3,20
5952200141,Sweden,11/1/2018,China,2/19/2019,2628,WAUBH54B21N510829,boeing,2,20
2271143756,Poland,6/17/2019,China,5/17/2019,2820,3N1CN7AP8FL583984,boeing,2,20
4482419621,Finland,10/1/2020,Philippines,5/7/2019,2261,5N1AN0NU7BC555803,airbus,1,20
6492194357,Philippines,2/17/2020,United States,6/21/2019,2227,SCFEFBAC8AG280401,boeing,3,20
2784604950,Angola,11/9/2019,Indonesia,1/10/2019,1766,JM1BL1H36A1781011,boeing,1,20
5968772093,France,4/23/2019,Thailand,9/9/2019,1338,3VWJX7AJ5AM734998,airbus,3,20
6535062007,China,10/28/2018,Ethiopia,10/6/2018,1822,1N6AA0CC6DN109592,boeing,1,20
4225656934,Peru,11/6/2018,Madagascar,6/7/2019,2152,2T1BURHE6FC110552,airbus,3,20
3050818328,Russia,3/25/2020,Yemen,12/31/2018,2609,2C4RDGDG9CR817845,boeing,2,20
1522450998,Canada,12/18/2019,Brazil,10/20/2018,2635,WBAGH834X1D681845,airbus,3,20
5340393488,Japan,5/22/2019,Burkina Faso,4/17/2019,2899,WAUHFAFL9CA294454,boeing,3,20
2388492912,China,9/24/2020,Thailand,10/2/2018,2606,1FMJK1HT8FE354713,airbus,3,20
8016159990,South Korea,6/14/2020,Philippines,11/4/2018,1272,YV1940AS7D1756916,airbus,2,20
1489180443,China,11/12/2018,China,10/2/2018,1943,2G4GY5GV9B9725381,boeing,2,20
3067557093,Lithuania,12/24/2019,Ukraine,6/24/2019,2703,1C4RDJDG9EC940506,boeing,2,20
1345192193,Indonesia,5/10/2019,Afghanistan,1/19/2019,1650,SALAB2V62EA735256,airbus,3,20
9327997042,Indonesia,1/28/2020,Philippines,2/22/2019,2569,WAUBFAFL4DA655354,airbus,1,20
3484387726,Philippines,9/11/2020,Sweden,9/5/2019,1686,3D73M4HL0AG859857,airbus,1,20
4109208920,Nicaragua,6/26/2019,Colombia,10/23/2018,2660,WAUAF98E76A419826,airbus,3,20
9632665805,Norway,10/6/2020,Egypt,11/23/2018,1730,YV426MDA2F2129126,airbus,3,20
5617935895,Maldives,8/7/2019,Poland,12/4/2018,1381,WAUBF78E56A470363,airbus,2,20
3016508753,France,6/7/2020,Serbia,4/10/2019,1384,JH4CL96995C075587,boeing,2,20
5438250812,Czech Republic,5/5/2019,Portugal,1/9/2019,1165,1J4AA2D14AL617976,boeing,3,20
1110566905,Indonesia,11/19/2019,China,10/29/2018,1648,WAUVT58E43A412668,airbus,1,20
4330101882,Indonesia,8/24/2020,Russia,4/11/2019,2767,2G4WY55J311881926,boeing,2,20
9289712627,Ethiopia,8/14/2020,Cyprus,3/22/2019,1792,5TDDK3DC5DS320242,boeing,2,20
3538325723,Ukraine,1/27/2019,Poland,6/2/2019,1778,WBA3V5C5XEJ207576,boeing,1,20
9084403215,Philippines,10/11/2019,France,10/31/2018,2016,WAUHF78P56A297570,boeing,1,20
5354236592,Czech Republic,2/4/2019,Indonesia,11/29/2018,1247,JN1AJ0HP0BM370933,boeing,2,20
7465577829,Croatia,7/9/2019,China,6/28/2019,1547,WBA3B9G53EN588352,airbus,3,20
8044882693,North Korea,12/31/2018,Czech Republic,3/20/2019,1822,5J8TB3H3XEL523248,airbus,2,20
0535795254,Indonesia,4/29/2020,United States,8/20/2019,1936,19UUA66235A766544,boeing,3,20
6383681303,Russia,7/19/2020,Russia,9/22/2019,2112,1N6AD0CW6FN655359,airbus,3,20
4945046883,Iran,5/7/2020,Norway,7/18/2019,2052,WBA3B9C51EJ551314,airbus,1,20
2800047887,China,8/6/2019,Sweden,12/4/2018,1349,JTJBM7FX8F5866435,airbus,2,20
8772804432,France,2/2/2019,North Korea,4/3/2019,1969,KMHCT4AE2FU803167,airbus,2,20
2859278141,Indonesia,4/29/2019,Indonesia,3/25/2019,1248,JN8AZ1FY7BW353465,boeing,3,20
7867811753,Argentina,7/25/2019,Poland,6/20/2019,1815,WAULFAFRXCA631132,boeing,2,20
0631704965,Lebanon,3/27/2019,Germany,5/15/2019,1743,1C4AJWAG6CL907550,boeing,2,20
5897331286,Peru,3/2/2020,Indonesia,12/19/2018,1837,WAUDF48H48K085164,airbus,1,20
8391229505,Indonesia,1/3/2019,France,8/9/2019,1626,1N6AA0CH7EN631547,boeing,1,20
7890294166,Armenia,2/14/2020,Ireland,8/4/2019,1137,2G4GT5GX7F9133385,airbus,1,20
2458482325,Indonesia,12/14/2018,France,10/11/2018,1792,SCFAD01A48G868619,airbus,2,20
